2025-10-21T11:41:05.385409,nathan_chunk_ref,SUCCESS,chunk,001,Nathan,chunk_0,"A simple, sketched, black and white image of a visitor services area of a zoo with a first-aid station, featuring a map board directly on a brick wall with a red carpet in front of the visitor service center, all outlined with big spaces between each dot and no additional detail.","text, low-quality",nathan_chunk_ref_chunk_0.png,20.87,10
2025-10-21T12:11:12.987271,nathan_chunk_ref,SUCCESS,chunk,001,Nathan,chunk_0,A first person point-of-view image of a visitor services area of a zoo. There is also a first-aid station. Every object is created using only dotted outlines. Have big spaces between each dot. Main focus in the image is on the visitor services area and the first aid station next to it. So make only their outlines solid and nothing else. Do not color anything unless specified for an object. Do not add any additional detail. Keep the image simple. Add a map board directly on a brick wall. Make its outline solid. Add a red carpet in front of the visitor service centre.,"text, low-quality",nathan_chunk_ref_chunk_0.png,103.40,50
2025-10-21T14:01:34.460876,nathan_utt_raw,SUCCESS,utterance,001,Nathan,u0_of_2,A first person point-of-view image of a visitor services area of a zoo. There is also a first-aid station. Every object is created using only dotted outlines. Have big spaces between each dot. Main focus in the image is on the visitor services area and the first aid station next to it. So make only their outlines solid and nothing else. Do not color anything unless specified for an object. Do not add any additional detail. Keep the image simple.,"text, low-quality",nathan_utt_raw_u0_of_2.png,104.33,50
2025-10-21T14:02:34.573699,nathan_utt_raw,SUCCESS,utterance,001,Nathan,u1_of_2,Rescale the image to adda map board directly on a brick wall. Make its outline solid,"text, low-quality",nathan_utt_raw_u1_of_2.png,60.11,30
2025-10-21T14:03:34.625466,nathan_utt_raw,SUCCESS,utterance,001,Nathan,u2_of_2,Rescale the image to add a red carpet in front of the visitor service centre.,"text, low-quality",nathan_utt_raw_u2_of_2.png,60.03,30
2025-10-21T14:19:02.934466,nathan_utt_raw,SUCCESS,utterance,001,Nathan,u0_of_4,A first person point-of-view image of a visitor services area of a zoo. There is also a first-aid station. Every object is created using only dotted outlines. Have big spaces between each dot. The visitor services area and the first aid station next to it. So make only their outlines solid and nothing else. Do not color anything unless specified for an object. Do not add any additional detail. Keep the image simple.,"text, low-quality",nathan_utt_raw_u0_of_4.png,100.91,50
2025-10-21T14:20:03.625074,nathan_utt_raw,SUCCESS,utterance,001,Nathan,u1_of_4,Rescale the image to add a map board directly on a brick wall. Make its outline solid,"text, low-quality",nathan_utt_raw_u1_of_4.png,60.68,30
2025-10-21T14:30:34.876472,nathan_utt_raw,SUCCESS,utterance,001,Nathan,u0_of_4,A first person point-of-view image of a visitor services area of a zoo. There is also a first-aid station. Every object is created using only dotted outlines. Have big spaces between each dot. Draw only the visitor services area and the first aid station next to it with solid outlines. Do not draw anything else. Do not color anything unless specified for an object. Keep the objects transparent. Do not add any additional detail. Keep the objects in the image simple and toy like. Keep the overall image simple.,"text, low-quality",nathan_utt_raw_u0_of_4.png,100.56,50
2025-10-21T14:31:35.150686,nathan_utt_raw,SUCCESS,utterance,001,Nathan,u1_of_4,Rescale the image to add a map board directly on a brick wall. Make its outline solid,"text, low-quality",nathan_utt_raw_u1_of_4.png,60.27,30
2025-10-21T14:32:35.675960,nathan_utt_raw,SUCCESS,utterance,001,Nathan,u2_of_4," ""Rescale the image and move the map to a stand on the left of the first-aid station.""","text, low-quality",nathan_utt_raw_u2_of_4.png,60.50,30
2025-10-21T14:33:36.279740,nathan_utt_raw,SUCCESS,utterance,001,Nathan,u3_of_4,Add an emergency exit with a button near an exit sign. Only add their solid outlines and no color.,"text, low-quality",nathan_utt_raw_u3_of_4.png,60.60,30
2025-10-21T14:34:36.874889,nathan_utt_raw,SUCCESS,utterance,001,Nathan,u4_of_4,Rescale the image to add a red carpet in front of the visitor service centre.,"text, low-quality",nathan_utt_raw_u4_of_4.png,60.59,30
2025-10-21T15:21:58.796775,nathan_utt_raw,SUCCESS,utterance,001,Nathan,u0_of_4,A first person point-of-view image of a visitor services area of a zoo. There is also a first-aid station. Every object is created using only dotted outlines. Have big spaces between each dot. Draw only the visitor services area and the first aid station next to it with solid outlines. Do not draw anything else. Do not color anything and keep them transparent unless specified for an object. Do not add any additional detail. Keep the objects in the image simple and toy like. Keep the overall image simple. No text unless specified.,"text, low-quality",nathan_utt_raw_u0_of_4.png,100.90,50
2025-10-21T15:22:58.779255,nathan_utt_raw,SUCCESS,utterance,001,Nathan,u1_of_4,Rescale the image to add a map board directly on a brick wall. Make the map's outline solid. Keep the objects in the image simple and toy like. Keep the overall image simple. No text unless specified.,"text, low-quality",nathan_utt_raw_u1_of_4.png,59.98,30
2025-10-21T15:23:58.840667,nathan_utt_raw,SUCCESS,utterance,001,Nathan,u2_of_4," ""Rescale the image and copy the map to a stand on the left of the first-aid station. Remove the map in the brick wall.""","text, low-quality",nathan_utt_raw_u2_of_4.png,60.05,30
2025-10-21T15:24:58.901794,nathan_utt_raw,SUCCESS,utterance,001,Nathan,u3_of_4,Rescale the image to add an emergency exit with a button near an exit sign. Only add their solid outlines and no color. Keep the objects in the image simple and toy like. Keep the overall image simple. No text unless specified.,"text, low-quality",nathan_utt_raw_u3_of_4.png,60.05,30
2025-10-21T15:25:59.327654,nathan_utt_raw,SUCCESS,utterance,001,Nathan,u4_of_4,Rescale the image to add a red carpet in front of the visitor service centre.,"text, low-quality",nathan_utt_raw_u4_of_4.png,60.40,30
2025-10-21T15:30:27.304173,nathan_utt_raw,SUCCESS,utterance,001,Nathan,u0_of_4,A first person point-of-view image of a visitor services area of a zoo. There is also a first-aid station. Draw only the visitor services area and the first aid station next to it with solid outlines. Do not draw anything else. Do not color anything and keep them transparent unless specified for an object. Do not add any additional detail. Keep the objects in the image simple and toy like. Keep the overall image simple. No text unless specified.,"text, low-quality",nathan_utt_raw_u0_of_4.png,100.01,50
2025-10-21T15:31:27.597903,nathan_utt_raw,SUCCESS,utterance,001,Nathan,u1_of_4,Downscale the image and add a map board directly on a brick wall. Make the map's outline solid. Keep the objects in the image simple and toy like. Keep the overall image simple. No text unless specified.,"text, low-quality",nathan_utt_raw_u1_of_4.png,60.29,30
2025-10-21T15:32:27.818739,nathan_utt_raw,SUCCESS,utterance,001,Nathan,u2_of_4," ""Duplicate the map to a stand on the left of the first-aid station. Delete the map from the brick wall.""","text, low-quality",nathan_utt_raw_u2_of_4.png,60.21,30
2025-10-21T15:33:28.087326,nathan_utt_raw,SUCCESS,utterance,001,Nathan,u3_of_4,Create more space to add an emergency exit with a button near an exit sign. Only add their solid outlines and no color. Keep the objects in the image simple and toy like. Keep the overall image simple. No text unless specified.,"text, low-quality",nathan_utt_raw_u3_of_4.png,60.26,30
2025-10-21T15:34:28.455652,nathan_utt_raw,SUCCESS,utterance,001,Nathan,u4_of_4,Rescale the image to add a red carpet in front of the visitor service centre.,"text, low-quality",nathan_utt_raw_u4_of_4.png,60.36,30
2025-10-21T15:36:33.215173,nathan_utt_raw,SUCCESS,utterance,001,Nathan,u0_of_4,A first person point-of-view image of a visitor services area of a zoo. There is also a first-aid station. Draw only the visitor services area and the first aid station next to it with solid outlines. Do not draw anything else. Do not color anything and keep them transparent unless specified for an object. Do not add any additional detail. Keep the objects in the image simple and sketch like. Keep the overall image simple. No text unless specified.,"text, low-quality",nathan_utt_raw_u0_of_4.png,100.06,50
2025-10-21T15:37:33.235861,nathan_utt_raw,SUCCESS,utterance,001,Nathan,u1_of_4,Downscale the image and add a map board directly on a brick wall. Make the map's outline solid. Keep the objects in the image simple and toy like. Keep the overall image simple. No text unless specified.,"text, low-quality",nathan_utt_raw_u1_of_4.png,60.01,30
2025-10-21T15:38:33.355602,nathan_utt_raw,SUCCESS,utterance,001,Nathan,u2_of_4," ""Duplicate the map to a stand on the left of the first-aid station. Delete the map from the brick wall.""","text, low-quality",nathan_utt_raw_u2_of_4.png,60.11,30
2025-10-21T15:39:33.404027,nathan_utt_raw,SUCCESS,utterance,001,Nathan,u3_of_4,Create more space to add an emergency exit with a button near an exit sign. Only add their solid outlines and no color. Keep the objects in the image simple and toy like. Keep the overall image simple. No text unless specified.,"text, low-quality",nathan_utt_raw_u3_of_4.png,60.04,30
2025-10-21T15:40:33.438015,nathan_utt_raw,SUCCESS,utterance,001,Nathan,u4_of_4,Rescale the image to add a red carpet in front of the visitor service centre.,"text, low-quality",nathan_utt_raw_u4_of_4.png,60.03,30
