timestamp,status,initial_prompt,final_prompt,negative_prompt,VLseed,IMGseed,true_cfg_scale,num_inference_steps,top_p,temperature,output_file
2025-10-29T15:45:28.500555,success,a house with a lamp,"A serene, cozy, and inviting house scene with a warm, glowing lamp as the central focal point. The house is a quaint, two-story structure with a charming rustic aesthetic, featuring weathered wooden planks and a sloping roof covered in mossy shingles. A small porch with a wooden bench and a hanging lantern adds to the inviting atmosphere. The lamp, positioned on a sturdy wooden table near a window, casts a soft, golden light that spills out onto the porch, creating a warm and welcoming glow. The window frames the lamp, with delicate curtains gently swaying in the breeze, adding a touch of elegance and movement to the scene.  The house is surrounded by a lush, well-maintained garden filled with blooming flowers and tall, swaying grasses, enhancing the sense of tranquility. A winding stone pathway leads up to the front door, flanked by neatly trimmed hedges and vibrant plants. The overall composition is bathed in the soft, diffused light of either early morning or late evening, giving the scene a peaceful and timeless quality. The style is reminiscent of a serene countryside setting, with a touch of whimsy and charm. The lamp's warm light creates a stark contrast against the cool, natural tones of the environment, drawing the viewer's attention to its inviting glow. The image is rendered in a realistic, painterly style with attention to fine details, capturing the warmth and coziness of a home on a quiet, peaceful evening.", ,0,0,4.0,8,0.9,0.6,output/interactive/step_000_1761749128.png
2025-10-29T15:47:12.692186,fail,,, ,0,0,4.0,8,0.9,0.6,
2025-10-29T15:48:20.456835,success,a house with a lamp,"A serene, cozy, and inviting house scene bathed in warm, ambient light from a glowing lamp. The house is a quaint, two-story structure with a charming, slightly rustic aesthetic. The exterior is painted in soft, earthy tones with white trim around the windows and doors, giving it a welcoming and timeless feel. The roof is covered in textured shingles, and a small chimney rises from the top, hinting at a warm fireplace inside.  In the foreground, a classic, vintage-style lamp stands on a small wooden table near the entrance. The lamp has a warm, golden glow that spills softly onto the surrounding area, creating a cozy and intimate atmosphere. The lampshade is made of woven material, adding to the rustic charm. The light casts gentle shadows on the house's facade, enhancing its textures and details.  The house is nestled in a tranquil garden, with lush greenery and a few blooming flowers adding a touch of life and vibrancy. A winding stone pathway leads up to the front door, bordered by neatly trimmed hedges and a small, decorative archway. The scene is set during the early evening, with the sky transitioning from soft blue to a gentle pinkish hue, adding to the overall warmth and calmness of the image.  The overall visual style is a blend of realism and soft impressionism, capturing the essence of a peaceful, homely retreat. The focus is on the interplay of light and shadow, with the lamp serving as the central element that draws the viewer's attention. The composition is balanced, with the house and garden elements arranged to create a harmonious and inviting scene.", ,0,0,4.0,8,0.9,0.6,output/interactive/step_000_1761749300.png
2025-10-29T15:48:25.904444,fail,,, ,0,0,4.0,8,0.9,0.6,
2025-10-29T15:49:22.855098,success,a mug with santa claus inside,"A festive, high-quality illustration of a cozy, ceramic mug with a warm, inviting design. Inside the mug, Santa Claus is depicted in a charming, whimsical scene. He is seated comfortably, wearing his traditional red suit with white trim, black boots, and a fluffy white beard. His expression is joyful and friendly, exuding holiday cheer. Santa is surrounded by soft, glowing light, creating a magical, intimate atmosphere. The mug itself has a rustic, handcrafted appearance with a slightly textured surface, giving it a tactile, artisanal feel. The background of the illustration features a softly blurred winter landscape, including snow-covered evergreen trees, a gently falling snow effect, and a hint of a cozy cabin or fireplace in the distance. The overall style is a blend of realistic textures and a slightly cartoonish, whimsical aesthetic, perfect for holiday-themed designs. The text ""Merry Christmas"" is elegantly written in a cursive font on the side of the mug, positioned near the top-right corner, adding a personal touch. The illustration is rendered in a premium, detailed style with rich, warm colors, emphasizing the festive and heartwarming mood.", ,0,0,4.0,8,0.9,0,output/interactive/step_000_1761749362.png
2025-10-29T15:50:36.269899,fail,,, ,0,0,4.0,8,0.9,0,
2025-10-29T15:51:21.120103,success,a mug with santa claus inside,"A festive, high-quality illustration of a cozy, ceramic mug with a warm, inviting design. Inside the mug, Santa Claus is depicted in a charming, whimsical scene. Santa is seated comfortably, wearing his traditional red suit with white trim, black boots, and a fluffy white beard. He holds a small stack of wrapped gifts in his hands, exuding a joyful and generous spirit. The interior of the mug is adorned with soft, glowing golden light, creating a magical, intimate atmosphere. Surrounding Santa are delicate snowflakes, holly leaves, and mistletoe, enhancing the holiday theme. The exterior of the mug features a classic, rustic design with a subtle gradient of earthy tones, accented by a festive red ribbon tied around its handle. The overall style is a blend of realistic textures and soft, dreamy lighting, capturing the warmth and charm of the holiday season. The composition is centered on the mug, with Santa as the focal point, ensuring the illustration is both detailed and visually appealing.", ,0,0,4.0,8,0.9,0,output/interactive/step_000_1761749480.png
2025-10-29T15:52:32.772799,fail,,, ,0,0,4.0,8,0.9,0,
2025-10-29T15:53:31.775264,success,a house with a lamp,"A cozy, rustic-style house with a warm, inviting ambiance, set in a serene countryside or suburban setting. The house features a traditional design with a pitched roof, wooden shingles, and a charming front porch adorned with white picket railings. A large, vintage-style lamp with a textured, woven shade hangs prominently on the porch, casting a soft, golden glow that contrasts beautifully with the cool, natural light of the surrounding environment. The lamp is positioned near the entrance, drawing attention to its intricate details and adding a touch of nostalgia to the scene. The house is surrounded by lush greenery, with tall trees and blooming flowers creating a peaceful, idyllic atmosphere. The overall composition emphasizes the harmony between the house and its natural surroundings, with the lamp serving as a focal point that highlights the warmth and comfort of home. The image is rendered in a realistic, painterly style, capturing the textures and lighting with meticulous detail.", ,0,0,4.0,8,1,0,output/interactive/step_000_1761749611.png
2025-10-29T15:53:41.798131,fail,,, ,0,0,4.0,8,1,0,
2025-10-29T15:54:20.195684,success,a house with a lamp,"A cozy, rustic-style house with a warm, inviting ambiance, set in a serene countryside or suburban setting. The house features a traditional design with a pitched roof, wooden shingles, and a charming front porch adorned with white picket railings. A large, vintage-style lamp with a textured, woven shade hangs prominently on the porch, casting a soft, golden glow that contrasts beautifully with the cool, natural light of the surrounding environment. The lamp is positioned near the entrance, drawing attention to its intricate details and adding a touch of nostalgia to the scene. The house is surrounded by lush greenery, with tall trees and blooming flowers creating a peaceful, idyllic atmosphere. The overall composition emphasizes the harmony between the house and its natural surroundings, with the lamp serving as a focal point that highlights the warmth and comfort of home. The image is rendered in a realistic, painterly style, capturing the textures and lighting with meticulous detail.", ,0,0,4.0,8,1,0,output/interactive/step_000_1761749660.png
2025-10-29T15:56:44.468796,fail,,, ,0,0,4.0,8,1,0,
2025-10-29T15:58:31.694785,success,add a dog on the stairs,"Add a medium-sized, fluffy dog sitting on the stairs, facing the camera, with a warm and friendly expression.", ,0,0,4.0,8,1,0,output/interactive/step_001_1761749911.png
2025-10-29T15:58:42.410794,fail,,, ,0,0,4.0,8,1,0,
2025-10-29T15:59:16.080706,success,add a dog on the stairs,"Add a medium-sized, friendly-looking dog sitting on the stairs, facing the camera, with a warm and inviting expression.", ,0,0,4.0,8,1,0,output/interactive/step_001_1761749955.png
2025-10-29T16:10:47.673404,fail,,, ,0,0,4.0,8,1,0,
2025-10-29T16:12:57.624374,success,add a dog on the stairs,"Add a medium-sized, fluffy dog sitting on the stairs, facing the camera, with a warm and friendly expression.", ,0,0,4.0,8,1,0,output/interactive/step_001_1761750777.png
2025-10-29T16:13:05.664907,fail,,, ,0,0,4.0,8,1,0,
2025-10-29T16:13:35.159313,success,add a dog on the stairs,"Add a medium-sized, friendly-looking dog sitting on the stairs, facing the camera, with a warm and inviting expression.", ,0,0,4.0,8,1,0,output/interactive/step_001_1761750814.png
2025-10-29T16:14:14.784866,fail,,, ,0,0,4.0,8,1,0,
2025-10-29T16:14:43.632461,success,add a dog on the stairs,"Add a medium-sized, friendly-looking dog sitting on the stairs, facing the camera, with a warm and inviting expression.", ,0,0,4.0,8,1,0,output/interactive/step_001_1761750883.png
2025-10-29T16:14:55.518134,fail,,, ,0,0,4.0,8,1,0,
2025-10-29T16:15:30.487612,success,add a dog on the stairs,"Add a medium-sized, friendly-looking dog sitting on the stairs, facing the camera, with a warm and inviting expression.", ,0,0,4.0,8,1,0,output/interactive/step_001_1761750930.png
2025-10-29T16:16:03.750472,success,change the color of the dog to purple,Change the dog's fur color to purple while keeping its current pose and expression., ,0,0,4.0,8,1,0,output/interactive/step_002_1761750963.png
2025-10-29T16:16:07.242847,fail,,, ,0,0,4.0,8,1,0,
2025-10-29T16:16:49.869660,success,change the color of the dog to purple,Change the dog's fur color to purple while keeping its current pose and expression., ,0,0,4.0,8,1,0,output/interactive/step_002_1761751009.png
2025-10-29T16:17:05.447316,fail,,, ,0,0,4.0,8,1,0,
