chunk_id,position,character,text,prompt_to_render,img_path
1,C3,Debra,"Hi Chris, I'm in the leisure and services floor of this multi-level department store.","A clean, minimalist, iconic scene. A black outline of a ""DEPARTMENT STORE"" sign with the words ""LEISURE AND SERVICES FLOOR"" written below it in quotation marks. To its right, a black outline of an ""ESCALATOR"" icon, indicating the access point to the floor. Solid white background, no shadows.",
1,E5,Chris,"Hey Debra. I'm on the apparel floor. The place is pretty spread out, huh?",,
1,C3,Debra,Definitely. I see a vending machine near the children's play zone here.,"Add a black outline of a 'VENDING MACHINE' icon near the 'ESCALATOR' icon, signifying its proximity to the children's play zone. Keep the 'DEPARTMENT STORE' sign and the 'ESCALATOR' icon unchanged.",
1,E5,Chris,"Uh-huh, there's a door just ahead of me. It's a bit hard to see at first.",,
1,C3,Debra,"Got it. The vending machine has a toy section, by the way.","Add a black outline of a 'TOY SECTION' icon next to the 'VENDING MACHINE' icon to indicate its presence. Keep the 'VENDING MACHINE' icon, 'DEPARTMENT STORE' sign, and 'ESCALATOR' icon unchanged.",
1,E5,Chris,Nice. I also noticed a security camera near the fitting rooms.,,
1,C3,Debra,"Okay, the vending machine is definitely a highlight here.","Make the 'VENDING MACHINE' icon more prominent by adding a slightly thicker black outline. Keep the 'TOY SECTION' icon next to it, the 'DEPARTMENT STORE' sign, and the 'ESCALATOR' icon unchanged.",
1,E5,Chris,"Hmm, there's a lighting fixture embedded in the drop ceiling above the main aisle.",,
1,C3,Debra,Right. I'm also near a queue barrier with a brass-post leading to the checkout lane.,"Add a blue outline of a 'QUEUE BARRIER' icon with a 'BRASS-POST' detail near the 'VENDING MACHINE' icon, indicating its proximity to the checkout lane. Keep the 'VENDING MACHINE' icon, 'TOY SECTION' icon, 'DEPARTMENT STORE' sign, and 'ESCALATOR' icon unchanged.",
1,E5,Chris,I see a seating bench by the escalators. I'm going to head towards a pram friendly route now.,,
1,C3,Debra,"That makes sense. The customer service desk here is u-shaped, enclosing a staff workstation.","Add a black outline of a 'CUSTOMER SERVICE DESK' icon in a U-shape enclosing a 'STAFF WORKSTATION' icon. Position it near the existing 'VENDING MACHINE' icon. Keep all other existing objects ('DEPARTMENT STORE' sign, 'ESCALATOR' icon, 'VENDING MACHINE' icon, 'TOY SECTION' icon, and 'QUEUE BARRIER' icon with 'BRASS-POST') unchanged.",
1,E5,Chris,"Alright, I'll check the pram route and let you know if we can meet up there.",,
2,F5,Chris,I just arrived at the home and tech floor.,,
2,C3,Debra,Uh-huh.,"A clean, minimalist, iconic scene. A solid white background. No objects are depicted, as the Target Utterance ""Uh-huh."" does not provide any explicit information to visualize. The scene remains blank to reflect the lack of specific details in the utterance.",
2,F5,Chris,There's an ATM with a small screen beside the security monitor here.,,
2,C3,Debra,Got it.,"Keep the scene blank as the Target Utterance 'Got it.' does not provide any new visual information to add or modify. No objects should be added, removed, or changed.",
2,F5,Chris,"Next to it, there's a circular promotional stand around the central pillar.",,
2,C3,Debra,Okay.,"Keep the scene blank as the Target Utterance 'Okay.' does not provide any new visual information to add or modify. No objects should be added, removed, or changed.",
2,F5,Chris,And there's a three-door storage cabinet between the two storage racks.,,
2,C3,Debra,I'm heading to the disabled access ramp now.,"Add a blue outline of a 'DISABLED ACCESS RAMP' icon in the center of the scene, indicating its unclear exact position. Keep the scene otherwise unchanged, as no other objects are depicted.",
3,C2,Debra,I just arrived at the home and tech floor.,"A clean, minimalist, iconic scene. A black outline of a ""HOME AND TECH FLOOR"" sign. Below it, a gray outline of a ""GUEST CHAIR"" icon, indicating its presence but not explicitly detailed. A solid white background, no shadows.",
3,C2,Debra,There's a magazine rack beside the guest chair here.,Add a black outline of a 'MAGAZINE RACK' icon to the right of the 'GUEST CHAIR'. Keep the 'HOME AND TECH FLOOR' sign and the 'GUEST CHAIR' icon unchanged.,
3,C2,Debra,A mirror is mounted on the architectural column.,"Add a black outline of a 'MIRROR' mounted on a gray outline of an 'ARCHITECTURAL COLUMN' to the right of the 'MAGAZINE RACK'. Keep the 'HOME AND TECH FLOOR' sign, 'GUEST CHAIR', and 'MAGAZINE RACK' unchanged.",
3,C2,Debra,And there's a plant display nearby.,"Add a black outline of a 'PLANT DISPLAY' icon near the 'ARCHITECTURAL COLUMN' and 'MIRROR'. Keep the 'HOME AND TECH FLOOR' sign, 'GUEST CHAIR', 'MAGAZINE RACK', and 'ARCHITECTURAL COLUMN' with the 'MIRROR' unchanged.",
3,F5,Chris,I'm moving towards the restroom hallway now.,,
4,F4,Chris,I just arrived at the home and tech floor from the restroom hallway.,,
4,C2,Debra,Uh-huh.,"A clean, minimalist, iconic scene. A gray outline of a ""COLUMN"" to denote the *assumed* location. Solid white background, no shadows. No additional objects are included as the utterance ""Uh-huh"" provides no explicit details about the scene.",
4,F4,Chris,There's a four-pocket magazine rack near the coffee station here.,,
4,C2,Debra,Okay.,Keep the existing gray outline of the 'COLUMN' unchanged. No additional changes are needed as the utterance 'Okay.' does not provide new details to add or modify.,
4,F4,Chris,"Above the console table, there's a mirror with a metal frame.",,
4,C2,Debra,Got it.,No changes are needed. The utterance 'Got it.' does not provide new details to add or modify. Keep the existing gray outline of the 'COLUMN' unchanged.,
4,F4,Chris,The ATM has a button screen positioned at the bank service point.,,
4,C2,Debra,I see. The one I saw earlier had a small screen beside the security monitor.,"Add a blue outline of an 'ATM' with a 'SMALL SCREEN' beside a 'SECURITY MONITOR', positioned to the right of the existing gray outline of the 'COLUMN'. Keep the gray outline of the 'COLUMN' unchanged.",
4,F4,Chris,"Right, that one also had a promotional stand nearby.",,
4,C2,Debra,Mine was beside the guest chair with a three-pocket rack.,Add a blue outline of a 'GUEST CHAIR' to the left of the existing gray outline of the 'COLUMN'. Add a blue outline of a 'THREE-POCKET RACK' next to the 'GUEST CHAIR'. Keep the gray outline of the 'COLUMN' and the blue outline of the 'ATM' with the 'SMALL SCREEN' and 'SECURITY MONITOR' unchanged.,
4,F4,Chris,Got it. The mirror here is on an architectural column with a frameless design.,,
4,C2,Debra,Mine was mounted on a column too. I'm heading to the lost and found path now.,"Add a blue outline of a 'MIRROR' with a 'FRAMELESS DESIGN' above the gray outline of the 'COLUMN'. Keep the gray outline of the 'COLUMN', the blue outline of the 'ATM' with the 'SMALL SCREEN' and 'SECURITY MONITOR', the blue outline of the 'GUEST CHAIR', and the blue outline of the 'THREE-POCKET RACK' unchanged.",
5,B2,Debra,I just arrived at the apparel floor from the lost and found path.,"A clean, minimalist, iconic scene. A black outline of a ""SIGN"" labeled ""APPAREL FLOOR"". To its left, a gray outline of a ""PATH"" icon, indicating the ""LOST AND FOUND"" path. Solid white background, no shadows.",
5,B2,Debra,There's a door here with a pull handle providing access to the restroom facility.,Add a black outline of a 'DOOR' with a 'PULL HANDLE' below the 'APPAREL FLOOR' sign. The door is labeled 'RESTROOM FACILITY'. Keep the 'SIGN' labeled 'APPAREL FLOOR' and the 'PATH' icon unchanged.,
5,F4,Chris,Uh-huh.,,
5,B2,Debra,The security camera has a bullet shape and is pointing at the escalator landing.,"Add a black outline of a 'SECURITY CAMERA' with a bullet shape to the right of the 'DOOR'. Ensure it is pointing towards the 'ESCALATOR LANDING', which should be represented as a blue outline since its exact position is not specified. Keep the 'SIGN' labeled 'APPAREL FLOOR', the 'PATH' icon, and the 'DOOR' with the 'PULL HANDLE' unchanged.",
5,F4,Chris,Got it.,,
5,B2,Debra,I also see a kiosk near the center of the floor.,"Add a black outline of a 'KIOSK' near the center of the scene. Keep the 'SIGN' labeled 'APPAREL FLOOR', the 'PATH' icon, the 'DOOR' with the 'PULL HANDLE', and the 'SECURITY CAMERA' unchanged.",
5,F4,Chris,I see. There was a door with a lever handle at the entrance to the stock room earlier.,,
5,B2,Debra,Right. The camera I mentioned is similar to one you saw monitoring exit points?,"Add a blue outline of a 'TURRET TYPE SECURITY CAMERA' to the right of the 'KIOSK', as its exact position is unclear. Ensure it is distinct from the existing 'SECURITY CAMERA' with a bullet shape. Keep the 'SIGN' labeled 'APPAREL FLOOR', the 'PATH' icon, the 'DOOR' with the 'PULL HANDLE', the 'SECURITY CAMERA' with the bullet shape, and the 'KIOSK' unchanged.",
5,F4,Chris,"Actually, mine was a turret type with a seating bench nearby.",,
5,B2,Debra,"Okay, the kiosk here has a digital screen displaying promotions.","Add a black outline of a 'DIGITAL SCREEN' inside the 'KIOSK', displaying promotional content. Keep the 'SIGN' labeled 'APPAREL FLOOR', the 'PATH' icon, the 'DOOR' with the 'PULL HANDLE', the 'SECURITY CAMERA' with the bullet shape, the 'KIOSK', and the 'TURRET TYPE SECURITY CAMERA' unchanged.",
5,F4,Chris,"Hmm, the one I passed had a circular promotional stand around the central pillar.",,
5,B2,Debra,Got it. I'm moving towards the disabled access ramp now.,"Add a blue outline of a 'DISABLED ACCESS RAMP' to the right of the 'KIOSK', as its exact position is not specified. Keep the 'SIGN' labeled 'APPAREL FLOOR', the 'PATH' icon, the 'DOOR' with the 'PULL HANDLE', the 'SECURITY CAMERA' with the bullet shape, the 'KIOSK', the 'TURRET TYPE SECURITY CAMERA', and the 'DIGITAL SCREEN' unchanged.",
6,B1,Debra,I just arrived at the leisure and services floor from the bedding department shortcut.,"A clean, minimalist, iconic scene. A black outline of a ""BEDDING DEPARTMENT"" sign with an arrow pointing left to indicate the shortcut. To its right, a gray outline of a ""LEISURE AND SERVICES FLOOR"" sign, symbolizing the arrival point. Solid white background, no shadows.",
6,F4,Chris,Uh-huh.,,
6,B1,Debra,There's an electronics vending machine adjacent to the tech support desk here.,Add a black outline of an 'ELECTRONICS VENDING MACHINE' to the right of the 'LEISURE AND SERVICES FLOOR' sign. Add a gray outline of a 'TECH SUPPORT DESK' adjacent to the vending machine. Keep the 'BEDDING DEPARTMENT' sign and the 'LEISURE AND SERVICES FLOOR' sign unchanged.,
6,F4,Chris,Got it.,,
6,B1,Debra,"Also, a two-screen point of sale display is next to the card machine.","Add a black outline of a 'TWO-SCREEN POINT OF SALE DISPLAY' to the right of the 'CARD MACHINE', which is located next to the 'TECH SUPPORT DESK'. Keep the 'ELECTRONICS VENDING MACHINE', 'TECH SUPPORT DESK', 'BEDDING DEPARTMENT' sign, and the 'LEISURE AND SERVICES FLOOR' sign unchanged.",
6,F4,Chris,Okay.,,
6,B1,Debra,The vending machine here reminds me of one I saw earlier with a toy section near the children's play zone.,"Add a blue outline of a 'TOY SECTION' near the 'ELECTRONICS VENDING MACHINE' to signify its unclear placement but reference to the earlier vending machine. Keep all other existing objects ('ELECTRONICS VENDING MACHINE', 'TECH SUPPORT DESK', 'TWO-SCREEN POINT OF SALE DISPLAY', 'CARD MACHINE', 'BEDDING DEPARTMENT' sign, and the 'LEISURE AND SERVICES FLOOR' sign) unchanged.",
6,F4,Chris,"Right, that one had a customer service desk nearby too.",,
6,B1,Debra,Exactly. This one's focused on electronics but shares the same layout pattern.,"Add a black outline of a 'CUSTOMER SERVICE DESK' to the right of the 'ELECTRONICS VENDING MACHINE', maintaining the consistent layout pattern observed in the earlier vending machine scene. Keep all other existing objects ('ELECTRONICS VENDING MACHINE', 'TECH SUPPORT DESK', 'TWO-SCREEN POINT OF SALE DISPLAY', 'CARD MACHINE', 'TOY SECTION', 'BEDDING DEPARTMENT' sign, and the 'LEISURE AND SERVICES FLOOR' sign) unchanged.",
6,F4,Chris,I'm heading to the service desk queue now.,,
7,F3,Chris,I just arrived at the home and tech floor from the service desk queue.,,
7,B1,Debra,Uh-huh.,"A clean, minimalist, iconic scene. A solid white background. No objects are depicted, as the Target Utterance ""Uh-huh."" does not provide any explicit information about objects or actions. The scene remains blank, adhering to the requirements of minimalism and clarity.",
7,F3,Chris,There's a display table with a tapered leg between two armchairs here.,,
7,B1,Debra,Got it.,Keep the scene blank as the Target Utterance 'Got it.' does not introduce any new objects or changes. The scene remains unchanged with a solid white background.,
7,F3,Chris,A two-pocket magazine rack is on the waiting area table nearby.,,
7,B1,Debra,Okay.,Keep the scene blank as the Target Utterance 'Okay.' does not introduce any new objects or changes. The scene remains unchanged with a solid white background.,
7,F3,Chris,And there's a water cooler beside the checkout counter.,,
7,B1,Debra,I see. The vending machine here has an electronics section adjacent to the tech support desk.,Add a black outline of a 'VENDING MACHINE' with a labeled 'ELECTRONICS SECTION' icon. Place it adjacent to a black outline of a 'TECH SUPPORT DESK.' Keep the scene minimalistic with a solid white background.,
7,F3,Chris,"Hmm, the magazine rack you mentioned reminds me of the four-pocket one near the coffee station earlier.",,
7,B1,Debra,"Right, that one also had an ATM nearby.","Add a gray outline of an 'ATM' near the 'VENDING MACHINE' with the 'ELECTRONICS SECTION' icon, signifying its presence but uncertain exact position. Keep the 'TECH SUPPORT DESK' and the 'VENDING MACHINE' unchanged.",
7,F3,Chris,Exactly. This version is smaller but shares the same curved design.,,
7,B1,Debra,I'm heading to the elevator to the top floor now.,"Add a blue outline of an 'ELEVATOR' icon to the right of the 'VENDING MACHINE.' Keep the 'TECH SUPPORT DESK,' 'VENDING MACHINE,' and the 'ATM' unchanged.",
8,C1,Debra,I just arrived at the leisure and services floor from the elevator to top floor,"A clean, minimalist, iconic scene. A black outline of an ""ELEVATOR DOOR"" with the word ""TOP FLOOR"" written above it in quotation marks (""TOP FLOOR""). To the right, a black outline of a ""LEISURE AND SERVICES FLOOR"" sign. Solid white background, no shadows.",
8,C1,Debra,There's a lost and found box with a sliding-lid near the entrance here,Add a black outline of a 'LOST AND FOUND BOX' with a sliding-lid icon near the 'LEISURE AND SERVICES FLOOR' sign. Keep the 'ELEVATOR DOOR' with the 'TOP FLOOR' label and the 'LEISURE AND SERVICES FLOOR' sign unchanged.,
8,C1,Debra,And a fire alarm is mounted on the wall above the ticket counter,"Add a black outline of a 'FIRE ALARM' icon above the 'LOST AND FOUND BOX', indicating it is mounted on the wall. Keep the 'ELEVATOR DOOR' with the 'TOP FLOOR' label, the 'LEISURE AND SERVICES FLOOR' sign, and the 'LOST AND FOUND BOX' unchanged.",
8,F3,Chris,Uh-huh,,
8,F3,Chris,I'm moving towards the electronics tv display path now,,
8,C1,Debra,Got it. I'm heading to the customer service desk next,"Add a black outline of a 'CUSTOMER SERVICE DESK' icon to the right of the 'LOST AND FOUND BOX'. Keep the 'ELEVATOR DOOR' with the 'TOP FLOOR' label, the 'LEISURE AND SERVICES FLOOR' sign, the 'LOST AND FOUND BOX', and the 'FIRE ALARM' unchanged.",
9,D1,Debra,I just arrived at the home and tech floor from the perfumery exit,"A clean, minimalist, iconic scene. A black outline of a ""PERFUMERY EXIT"" sign. To its right, a black outline of a ""HOME AND TECH FLOOR"" sign. Solid white background, no shadows.",
9,D1,Debra,There's a display table against the partition wall here,Add a black outline of a 'DISPLAY TABLE' against the partition wall to the right of the 'HOME AND TECH FLOOR' sign. Keep the 'PERFUMERY EXIT' and 'HOME AND TECH FLOOR' signs unchanged.,
9,F2,Chris,Uh-huh,,
9,D1,Debra,The magazine rack has five pockets and is in front of the lounge sofa,"Add a black outline of a 'MAGAZINE RACK' with five pockets in front of a 'LOUNGE SOFA' to the right of the 'DISPLAY TABLE'. Keep the 'PERFUMERY EXIT', 'HOME AND TECH FLOOR' signs, and the 'DISPLAY TABLE' unchanged.",
9,F2,Chris,Got it,,
9,D1,Debra,A mirror's attached to the changing room door,"Add a black outline of a 'MIRROR' with a 'METAL FRAME' attached to the 'CHANGING ROOM DOOR' to the right of the 'MAGAZINE RACK'. Keep the 'PERFUMERY EXIT', 'HOME AND TECH FLOOR' signs, 'DISPLAY TABLE', 'MAGAZINE RACK', and 'LOUNGE SOFA' unchanged.",
9,F2,Chris,Right,,
9,D1,Debra,And there's a metal clothing hanger nearby,"Add a blue outline of a 'METAL CLOTHING HANGER' nearby the 'MIRROR' to signify its unclear position. Keep the 'PERFUMERY EXIT', 'HOME AND TECH FLOOR' signs, 'DISPLAY TABLE', 'MAGAZINE RACK', 'LOUNGE SOFA', and 'MIRROR' unchanged.",
9,F2,Chris,I'm moving towards the service desk queue now,,
9,F2,Chris,I just arrived at the home and tech floor from the electronics tv display path,,
9,D1,Debra,Uh-huh,"No changes are needed. Keep all existing objects ('PERFUMERY EXIT' sign, 'HOME AND TECH FLOOR' sign, 'DISPLAY TABLE', 'MAGAZINE RACK', 'LOUNGE SOFA', 'MIRROR', and 'METAL CLOTHING HANGER') unchanged.",
9,F2,Chris,There's a dual-screen ATM within the financial services area,,
9,D1,Debra,Okay,"No changes are needed. Keep all existing objects ('PERFUMERY EXIT' sign, 'HOME AND TECH FLOOR' sign, 'DISPLAY TABLE', 'MAGAZINE RACK', 'LOUNGE SOFA', 'MIRROR', and 'METAL CLOTHING HANGER') unchanged.",
9,F2,Chris,Next to it is a custom promotional stand by the special events area,,
9,D1,Debra,Got it,"No changes are needed. Keep all existing objects ('PERFUMERY EXIT' sign, 'HOME AND TECH FLOOR' sign, 'DISPLAY TABLE', 'MAGAZINE RACK', 'LOUNGE SOFA', 'MIRROR', and 'METAL CLOTHING HANGER') unchanged.",
9,F2,Chris,And there's a free-standing speaker next to the multimedia display,,
9,D1,Debra,This ATM reminds me of the one I saw earlier with a button screen at the bank service point,"No changes are needed. Keep all existing objects ('PERFUMERY EXIT' sign, 'HOME AND TECH FLOOR' sign, 'DISPLAY TABLE', 'MAGAZINE RACK', 'LOUNGE SOFA', 'MIRROR', and 'METAL CLOTHING HANGER') unchanged.",
9,F2,Chris,"Actually, the one I saw had a small screen beside the security monitor",,
9,D1,Debra,"Right, yours was between two armchairs while mine is against the partition wall","Replace the existing 'ATM' with a new 'ATM' located between two 'ARMCHAIRS'. Keep all other existing objects ('PERFUMERY EXIT' sign, 'HOME AND TECH FLOOR' sign, 'DISPLAY TABLE', 'MAGAZINE RACK', 'LOUNGE SOFA', 'MIRROR', and 'METAL CLOTHING HANGER') unchanged.",
9,F2,Chris,Exactly. The magazine rack you mentioned is different from the two-pocket one on the waiting area table,,
9,D1,Debra,Mine has five pockets and is in front of the lounge sofa,"No changes are needed. Keep all existing objects ('PERFUMERY EXIT' sign, 'HOME AND TECH FLOOR' sign, 'DISPLAY TABLE', 'MAGAZINE RACK', 'LOUNGE SOFA', 'MIRROR', and 'METAL CLOTHING HANGER') unchanged.",
9,F2,Chris,The mirror here has a metal frame above the console table,,
9,D1,Debra,Mine has a plastic frame attached to the changing room door,"Replace the existing 'MIRROR' with a new 'MIRROR' with a 'PLASTIC FRAME' attached to the 'CHANGING ROOM DOOR'. Keep all other existing objects ('PERFUMERY EXIT' sign, 'HOME AND TECH FLOOR' sign, 'DISPLAY TABLE', 'MAGAZINE RACK', 'LOUNGE SOFA', and 'METAL CLOTHING HANGER') unchanged.",
9,F2,Chris,I'm heading to the restroom hallway now,,
10,D2,Debra,I just arrived at the leisure and services floor from the side entrance service lane,"A clean, minimalist, iconic scene. A black outline of a ""SIDE ENTRANCE"" sign. To its right, a gray outline of a ""SERVICE LANE"" (represented as a simple, straight path). In the center, a black outline of a ""LEISURE AND SERVICES FLOOR"" icon (a simple, flat rectangle to denote the floor). Solid white background, no shadows.",
10,F2,Chris,Uh-huh,,
10,D2,Debra,There's a vending machine here,"Add a black outline of a 'VENDING MACHINE' icon to the right of the 'LEISURE AND SERVICES FLOOR' icon. Keep the 'SIDE ENTRANCE' sign, 'SERVICE LANE', and 'LEISURE AND SERVICES FLOOR' icon unchanged.",
10,F2,Chris,Got it,,
10,D2,Debra,The service counter is made of stone and is in front of the storage shelving,"Add a black outline of a 'SERVICE COUNTER' (a flat rectangle) in front of the 'VENDING MACHINE', and add a gray outline of 'STORAGE SHELVING' behind the service counter. Keep the 'SIDE ENTRANCE' sign, 'SERVICE LANE', 'LEISURE AND SERVICES FLOOR' icon, and 'VENDING MACHINE' unchanged.",
10,F2,Chris,Okay,,
10,D2,Debra,There's also a product tester nearby,"Add a black outline of a 'PRODUCT TESTER' icon near the 'VENDING MACHINE'. Keep the 'SIDE ENTRANCE' sign, 'SERVICE LANE', 'LEISURE AND SERVICES FLOOR' icon, 'VENDING MACHINE', 'SERVICE COUNTER', and 'STORAGE SHELVING' unchanged.",
10,F2,Chris,This vending machine here is next to the customer lounge. It reminds me of the one I saw earlier that was adjacent to the tech support desk in the bedding department shortcut. Both have similar layouts but different reference points,,
10,D2,Debra,"Right, the one I saw earlier had a point of sale display nearby as well","Add a black outline of a 'POINT OF SALE DISPLAY' icon to the right of the 'VENDING MACHINE'. Keep the 'SIDE ENTRANCE' sign, 'SERVICE LANE', 'LEISURE AND SERVICES FLOOR' icon, 'VENDING MACHINE', 'SERVICE COUNTER', 'STORAGE SHELVING', and 'PRODUCT TESTER' unchanged.",
10,F2,Chris,I'm moving towards the shortcut through cosmetics now,,
11,E2,Chris,I just arrived at the apparel floor from the shortcut through cosmetics.,,
11,E2,Chris,There's a cabinet-mounted fire extinguisher near the entrance here.,,
11,D2,Debra,Uh-huh.,"A clean, minimalist, iconic scene. A solid white background. No objects are depicted, as the utterance ""Uh-huh"" does not provide any specific information about objects, actions, or locations. The scene remains blank, emphasizing the lack of visual information.",
11,D2,Debra,I'm still at the leisure and services floor. There's a vending machine adjacent to the tech support desk here.,"Add a black outline of a 'TECH SUPPORT DESK' in the center of the scene. To its right, add a black outline of a 'VENDING MACHINE'. Keep the scene minimalistic with a solid white background, ensuring no other objects are present.",
11,E2,Chris,Got it. The fire extinguisher is next to the security camera I mentioned earlier.,,
11,D2,Debra,Right. I see a queue barrier with a brass-post leading to the checkout lane nearby.,Add a black outline of a 'QUEUE BARRIER' with a 'BRASS-POST' leading to a 'CHECKOUT LANE' near the bottom-right of the scene. Ensure the 'TECH SUPPORT DESK' and 'VENDING MACHINE' remain unchanged and positioned as before. Keep the scene minimalistic with a solid white background.,
11,E2,Chris,I'm moving towards the stock room now.,,
12,D2,Chris,"Hey Debra, I just arrived at the leisure and services floor from the main aisle ground floor.",,
12,D2,Debra,Uh-huh. I'm still here at the leisure and services floor.,"A clean, minimalist, iconic scene. A black outline of a ""LEISURE & SERVICES FLOOR"" sign. Below it, a gray outline of a ""CUSTOMER LOUNGE"" icon to denote its assumed presence. Solid white background, no shadows.",
12,D2,Chris,There's a vending machine here next to the customer lounge.,,
12,D2,Debra,Got it. I mentioned that one earlier.,Add a black outline of a 'VENDING MACHINE' icon to the right of the 'CUSTOMER LOUNGE' icon. Keep the 'LEISURE & SERVICES FLOOR' sign and the 'CUSTOMER LOUNGE' icon unchanged.,
12,D2,Chris,I also see a service counter made of stone in front of the storage shelving.,,
12,D2,Debra,"Right, that's the same one I mentioned earlier.","Keep all existing objects ('LEISURE & SERVICES FLOOR' sign, 'CUSTOMER LOUNGE' icon, and 'VENDING MACHINE' icon) unchanged. No additional changes are needed.",
12,D2,Chris,And there's a product tester with a joystick attached to a gaming console nearby.,,
12,D2,Debra,Exactly! I was just pointing that out. So we must be in the same area.,"Add a black outline of a 'PRODUCT TESTER' icon with a 'JOYSTICK' attached to it, positioned to the right of the 'VENDING MACHINE' icon. Keep all existing objects ('LEISURE & SERVICES FLOOR' sign, 'CUSTOMER LOUNGE' icon, and 'VENDING MACHINE' icon) unchanged.",
12,D2,Chris,Looks like it. Let's meet by the vending machine?,,
12,D2,Debra,Agreed. I'll be there.,"Keep all existing objects ('LEISURE & SERVICES FLOOR' sign, 'CUSTOMER LOUNGE' icon, 'VENDING MACHINE' icon, and 'PRODUCT TESTER' icon with 'JOYSTICK') unchanged. No additional changes are needed.",
