chunk_id,position,character,text
007,F3,Chris,I just arrived at the home and tech floor from the service desk queue.
007,B1,Debra,Uh-huh.
007,F3,Chris,There's a display table with a tapered leg between two armchairs here.
007,B1,Debra,Got it.
007,F3,Chris,A two-pocket magazine rack is on the waiting area table nearby.
007,B1,Debra,Okay.
007,F3,Chris,And there's a water cooler beside the checkout counter.
007,B1,Debra,I see. The vending machine here has an electronics section adjacent to the tech support desk.
007,F3,Chris,"Hmm, the magazine rack you mentioned reminds me of the four-pocket one near the coffee station earlier."
007,B1,Debra,"Right, that one also had an ATM nearby."
007,F3,Chris,Exactly. This version is smaller but shares the same curved design.
007,B1,Debra,I'm heading to the elevator to the top floor now.