timestamp,experiment_name,mode,chunk_id,character,gen_step,final_prompt,output_file,latency_s,num_inference_steps
2025-10-17T11:46:35.210451,nathan_utt_refined,utterance,001,Nathan,u0_of_2,A first person point-of-view image of a visitor services area of a zoo. There is also a first-aid station. Every object is created using only dotted outlines. Have big spaces between each dot. Main focus in the image is on the visitor services area and the first aid station next to it. So make only their outlines solid and nothing else. Do not color anything unless specified for an object. Do not add any additional detail. Keep the image simple.,nathan_utt_refined_u0_of_2.png,104.72,50
2025-10-17T11:47:35.545819,nathan_utt_refined,utterance,001,Nathan,u1_of_2,Add a map board directly on a brick wall. Make it's outline solid.,nathan_utt_refined_u1_of_2.png,60.30,30
2025-10-17T11:48:36.022697,nathan_utt_refined,utterance,001,Nathan,u2_of_2,DONOTHING,nathan_utt_refined_u2_of_2.png,60.46,30
2025-10-20T15:28:29.259098,nathan_utt_refined,utterance,001,Michael,u0_of_2,"A first person point-of-view image of a savanna exhibit in a zoo. There is a waste bin with an open top near the food stall. Every object is created using only dotted outlines. Have big spaces between each dot. Main focus in the image is on the savanna exhibit, the waste bin and the food stall. Make the outlines of the waste bin and the food stall solid and nothing else. Do not color anything unless specified for an object. Do not add any additional detail. Keep the image simple.",nathan_utt_refined_u0_of_2.png,104.59,50
2025-10-20T15:29:29.749555,nathan_utt_refined,utterance,001,Michael,u1_of_2,Add a picnic table and a shade structure over it. The shade structure is made of fabric canopy.,nathan_utt_refined_u1_of_2.png,60.45,30
2025-10-20T15:30:30.292531,nathan_utt_refined,utterance,001,Michael,u2_of_2,Add a fountain and a bench around it. The bench has curved legs.,nathan_utt_refined_u2_of_2.png,60.53,30
2025-10-20T15:34:54.583931,michael_utt_refined,utterance,001,Michael,u0_of_2,"A first person point-of-view image of a savanna exhibit in a zoo. There is a waste bin with an open top near the food stall. Every object is created using only dotted outlines. Have big spaces between each dot. Main focus in the image is on the savanna exhibit, the waste bin and the food stall. Make the outlines of the waste bin and the food stall solid and nothing else. Do not color anything unless specified for an object. Do not add any additional detail. Keep the image simple.",michael_utt_refined_u0_of_2.png,101.13,50
2025-10-20T15:35:55.302483,michael_utt_refined,utterance,001,Michael,u1_of_2,Add a picnic table and a shade structure over it. The shade structure is made of fabric canopy.,michael_utt_refined_u1_of_2.png,60.70,30
2025-10-20T15:36:56.207022,michael_utt_refined,utterance,001,Michael,u2_of_2,Add a fountain and a bench around it. The bench has curved legs.,michael_utt_refined_u2_of_2.png,60.90,30
2025-10-20T15:38:46.636150,nathan_utt_refined,utterance,001,Nathan,u0_of_2,A first person point-of-view image of a visitor services area of a zoo. There is also a first-aid station. Every object is created using only dotted outlines. Have big spaces between each dot. Main focus in the image is on the visitor services area and the first aid station next to it. So make only their outlines solid and nothing else. Do not color anything unless specified for an object. Do not add any additional detail. Keep the image simple.,nathan_utt_refined_u0_of_2.png,101.23,50
2025-10-20T15:39:47.198220,nathan_utt_refined,utterance,001,Nathan,u1_of_2,Add a map board directly on a brick wall. Make its outline solid.,nathan_utt_refined_u1_of_2.png,60.55,30
2025-10-20T15:40:47.701090,nathan_utt_refined,utterance,001,Nathan,u2_of_2,DONOTHING,nathan_utt_refined_u2_of_2.png,60.50,30
2025-10-20T15:45:52.322919,nathan_utt_raw,utterance,001,Nathan,u0_of_2,A first person point-of-view image of a visitor services area of a zoo. There is also a first-aid station. Every object is created using only dotted outlines. Have big spaces between each dot. Main focus in the image is on the visitor services area and the first aid station next to it. So make only their outlines solid and nothing else. Do not color anything unless specified for an object. Do not add any additional detail. Keep the image simple.,nathan_utt_raw_u0_of_2.png,60.56,30
2025-10-20T15:46:52.629189,nathan_utt_raw,utterance,001,Nathan,u1_of_2,Add a map board directly on a brick wall. Make its outline solid.,nathan_utt_raw_u1_of_2.png,60.29,30
