timestamp,generator,mode,prompt_mode,chunk_id,character,step,prompt,output_file,latency_s,num_inference_steps
2025-10-13T15:44:09.098911,diffuser,utterance,raw,001,Nathan,utt_0,"A first-person point-of-view shot, visualizing the scene from this description: 'Nathan: Hey Michael, I'm at the visitor services area in a large zoo. There's a first aid station here. 'Style: detailed sketch, composition, simple background",diffuser_utterance_raw_nathan_001_utt_0.png,52.62
2025-10-13T15:44:59.301292,diffuser,utterance,raw,001,Nathan,utt_1,"Modify the existing scene from a first-person point-of-view, incorporating this new detail: 'Nathan: Yeah, got it. The map board is directly on the brick wall here. 'Style: detailed sketch, composition, simple background",diffuser_utterance_raw_nathan_001_utt_1.png,50.16
2025-10-13T15:45:49.522038,diffuser,utterance,raw,001,Nathan,utt_2,"Modify the existing scene from a first-person point-of-view, incorporating this new detail: 'Nathan: Got it. I'm heading toward the south gate exit. 'Style: detailed sketch, composition, simple background",diffuser_utterance_raw_nathan_001_utt_2.png,50.22
2025-10-13T16:00:24.282189,diffuser,utterance,raw,001,Nathan,utt_0,"You are an image sketcher. Your sketch should highlight the things described in the desctiption. Do not add any additional detail. Keep the sketch simple. Here is the first person point of view description - Nathan: Hey Michael, I'm at the visitor services area in a large zoo. There's a first aid station here.",diffuser_utterance_raw_nathan_001_utt_0.png,50.35
2025-10-13T16:01:15.659940,diffuser,utterance,raw,001,Nathan,utt_1,"Modify the existing scene from a first-person point-of-view, incorporating this new detail: 'Nathan: Yeah, got it. The map board is directly on the brick wall here. 'Style: detailed sketch, composition, simple background",diffuser_utterance_raw_nathan_001_utt_1.png,51.37
2025-10-13T16:02:53.175409,diffuser,utterance,raw,001,Nathan,utt_2,"Modify the existing scene from a first-person point-of-view, incorporating this new detail: 'Nathan: Got it. I'm heading toward the south gate exit. 'Style: detailed sketch, composition, simple background",diffuser_utterance_raw_nathan_001_utt_2.png,97.51
2025-10-13T16:09:52.112483,diffuser,utterance,raw,000,Nathan,utt_0,Create a sketch image. Your sketch should highlight the things described in the desctiption. Do not add any additional detail. Keep the sketch simple. Here is the first person point of view description - There is a visitor services area in a large zoo. There is also first aid station here.,diffuser_utterance_raw_nathan_000_utt_0.png,50.13
2025-10-13T16:12:46.141867,diffuser,utterance,raw,000,Nathan,utt_0,"Create a sketch image. Your sketch should highlight the things described in the desctiption. Do not add any additional detail. Keep the sketch simple. Here is the first person point of view description - 'There is a visitor services area in a large zoo. There is also first aid station here. 'Style: sketch, composition, simple background",diffuser_utterance_raw_nathan_000_utt_0.png,50.12
2025-10-13T16:14:31.395112,diffuser,utterance,raw,000,Nathan,utt_0,"Create a sketch image. Your sketch should highlight the things described in the description pictorially. Do not add any additional detail. Keep the sketch simple. Here is the first person point of view description - 'There is a visitor services area in a large zoo. There is also first aid station here.' Style: sketch, composition, simple background",diffuser_utterance_raw_nathan_000_utt_0.png,50.12
2025-10-13T16:15:56.743129,diffuser,utterance,raw,000,Nathan,utt_0,"Create a sketch image. Your sketch should highlight the things described in the description pictorially. Do not add any additional detail. Keep the sketch simple. Here is the first person point of view description - 'There is a visitor services area in a large zoo. There is also first aid station here.' Style: sketch, composition, simple background",diffuser_utterance_raw_nathan_000_utt_0.png,50.04
2025-10-13T16:19:26.232389,diffuser,utterance,raw,000,Nathan,utt_0,"A visitor services area in a large zoo. It also has a first aid station. Style: sketch, composition, simple background",diffuser_utterance_raw_nathan_000_utt_0.png,25.78
2025-10-13T16:20:39.754124,diffuser,utterance,raw,000,Nathan,utt_0,"A visitor services area in a large zoo. It also has a first aid station. Style: sketch, composition, simple background",diffuser_utterance_raw_nathan_000_utt_0.png,50.21
2025-10-13T16:29:50.957667,diffuser,utterance,raw,000,Nathan,utt_0,"A visitor services area in a large zoo. It also has a first aid station. Style: sketch, composition, simple background",diffuser_utterance_raw_nathan_000_utt_0.png,53.49
2025-10-13T16:31:02.684406,diffuser,utterance,raw,000,Nathan,utt_0,"A visitor services area in a large zoo. It also has a first aid station. Style: sketch, composition, simple background",diffuser_utterance_raw_nathan_000_utt_0.png,50.40
2025-10-13T16:32:17.151193,diffuser,utterance,raw,000,Nathan,utt_0,"A visitor services area in a large zoo. It also has a first aid station. Style: sketch, composition, simple background",diffuser_utterance_raw_nathan_000_utt_0.png,49.86
2025-10-13T16:38:55.025827,diffuser,utterance,raw,000,Nathan,utt_0,"A visitor services area in a large zoo. It also has a first aid station. Style: sketch, composition, simple background",diffuser_utterance_raw_nathan_000_utt_0.png,50.35
2025-10-13T16:40:02.607280,diffuser,utterance,raw,000,Nathan,utt_0,"A visitor services area in a large zoo. It also has a first aid station. Style: sketch, composition, simple background",diffuser_utterance_raw_nathan_000_utt_0.png,50.32
2025-10-13T16:43:58.029626,diffuser,utterance,raw,000,Nathan,utt_0,"A visitor services area in a large zoo. It also has a first aid station. Style: sketch, composition, simple background",diffuser_utterance_raw_nathan_000_utt_0.png,38.03
2025-10-13T16:45:00.629104,diffuser,utterance,raw,000,Nathan,utt_0,"A visitor services area in a large zoo. It also has a first aid station. Style: sketch, composition, simple background",diffuser_utterance_raw_nathan_000_utt_0.png,37.87
2025-10-13T16:52:02.813090,diffuser,utterance,raw,000,Nathan,utt_0,"A visitor services area in a large zoo. It also has a first aid station. Style: sketch, composition, simple background",diffuser_utterance_raw_nathan_000_utt_0.png,38.41
2025-10-13T16:53:34.298400,diffuser,utterance,raw,000,Nathan,utt_0,"A visitor services area in a large zoo. It also has a first aid station. Style: sketch, composition, simple background",diffuser_utterance_raw_nathan_000_utt_0.png,38.09
2025-10-13T16:55:48.967072,diffuser,utterance,raw,000,Nathan,utt_0,"Create a sketch image. Your sketch has a visitor services area in a large zoo. It also has a first aid station. Style: sketch, composition, simple background",diffuser_utterance_raw_nathan_000_utt_0.png,38.23
2025-10-13T16:58:40.023025,diffuser,utterance,raw,000,Nathan,utt_0,Create a sketch image. Your sketch has a visitor services area in a large zoo. It also has a first aid station.,diffuser_utterance_raw_nathan_000_utt_0.png,38.23
2025-10-13T17:00:07.257543,diffuser,utterance,raw,000,Nathan,utt_0,Create a sketch image. Your sketch has a visitor services area in a large zoo. It also has a first aid station. Do not add any additional detail. Keep the sketch simple.,diffuser_utterance_raw_nathan_000_utt_0.png,38.34
2025-10-13T17:01:34.462722,diffuser,utterance,raw,000,Nathan,utt_0,Create a sketch image. Your sketch has a visitor services area in a large zoo. It also has a first aid station. Do not add any additional detail. Keep the sketch simple.,diffuser_utterance_raw_nathan_000_utt_0.png,50.72
2025-10-13T17:02:43.559218,diffuser,utterance,raw,000,Nathan,utt_0,Create a sketch image. Your sketch has a visitor services area in a large zoo. It also has a first aid station. Do not add any additional detail. Keep the sketch simple.,diffuser_utterance_raw_nathan_000_utt_0.png,40.92
2025-10-13T17:03:47.860487,diffuser,utterance,raw,000,Nathan,utt_0,Create a sketch image. Your sketch has a visitor services area in a large zoo. It also has a first aid station. Do not add any additional detail. Keep the sketch simple.,diffuser_utterance_raw_nathan_000_utt_0.png,40.75
2025-10-13T17:05:32.228225,diffuser,utterance,raw,000,Nathan,utt_0,"Create a sketch image. Your sketch has a visitor services area in a large zoo. It also has a first aid station. Do not add any additional detail. Keep the sketch simple. But highlight the information about visitor services area, zoo and first aid station.",diffuser_utterance_raw_nathan_000_utt_0.png,40.67
2025-10-13T17:06:39.529978,diffuser,utterance,raw,000,Nathan,utt_0,Create a sketch image. Your sketch has a visitor services area in a large zoo. It also has a first aid station. Do not add any additional detail. Keep the sketch simple. But highlight the information about visitor services area and first aid station.,diffuser_utterance_raw_nathan_000_utt_0.png,40.49
2025-10-13T17:07:49.489745,diffuser,utterance,raw,000,Nathan,utt_0,Create a sketch image. Your sketch has a visitor services area in a large zoo. It also has a first aid station. Do not add any additional detail. Keep the sketch simple. But highlight the information about visitor services area and first aid station.,diffuser_utterance_raw_nathan_000_utt_0.png,40.53
2025-10-13T17:09:19.422728,diffuser,utterance,raw,000,Nathan,utt_0,Create a sketch image. Your sketch has a visitor services area in a large zoo. It also has a first aid station. Do not add any additional detail. Keep the sketch simple. But highlight the information about visitor services area and first aid station.,diffuser_utterance_raw_nathan_000_utt_0.png,42.97
2025-10-13T17:11:34.157295,diffuser,utterance,raw,000,Nathan,utt_0,Create a sketch image. Your sketch has a visitor services area in a large zoo. It also has a first aid station. Do not add any additional detail. Keep the sketch simple. But highlight the information about visitor services area and first aid station. The sketch is from a first person point of view who is present in the scene.,diffuser_utterance_raw_nathan_000_utt_0.png,43.76
2025-10-13T17:12:47.698565,diffuser,utterance,raw,000,Nathan,utt_0,Create a sketch image. Your sketch has a visitor services area in a large zoo. It also has a first aid station. Do not add any additional detail. Keep the sketch simple. But highlight the information about visitor services area and first aid station. The sketch is from a first person point of view who is present in the scene.,diffuser_utterance_raw_nathan_000_utt_0.png,50.52
2025-10-13T17:16:10.138239,diffuser,utterance,raw,000,Nathan,utt_0,Create a sketch image. Your sketch has a visitor services area in a large zoo. It also has a first aid station. The sketch is from a first person point of view who is present in the scene. But highlight the information about visitor services area and first aid station. Do not color anything. Do not add any additional detail. Keep the sketch simple.,diffuser_utterance_raw_nathan_000_utt_0.png,50.82
2025-10-13T17:17:40.873829,diffuser,utterance,raw,000,Nathan,utt_0,Create a sketch image. Your sketch has a visitor services area in a large zoo. It also has a first aid station. The sketch is from a first person point of view who is present in the scene. Main focus is on the visitor services area and first aid station. Do not color anything. Do not add any additional detail. Keep the sketch simple.,diffuser_utterance_raw_nathan_000_utt_0.png,50.97
2025-10-13T17:19:47.895249,diffuser,utterance,raw,000,Nathan,utt_0,Create a sketch image. Your sketch has a visitor services area in a large zoo. It also has a first aid station. Main focus is on the visitor services area and first aid station. Do not color anything. Do not add any additional detail.Keep the sketch simple. The sketch is from a first person point of view who is present in the scene.,diffuser_utterance_raw_nathan_000_utt_0.png,41.51
2025-10-13T17:25:24.258785,diffuser,utterance,raw,000,Nathan,utt_0,Create a sketch image. Your sketch has a visitor services area in a large zoo. It also has a first aid station. Main focus is on the visitor services area and first aid station. Do not color anything. Do not add any additional detail.Keep the sketch simple. The sketch is from a first person point of view who is present in the scene.,diffuser_utterance_raw_nathan_000_utt_0.png,49.22
2025-10-13T17:26:46.760335,diffuser,utterance,raw,000,Nathan,utt_0,Create a sketch image. Your sketch has a visitor services area in a large zoo. It also has a first aid station. Main focus is on the visitor services area and first aid station. Do not color anything. Do not add any additional detail.Keep the sketch simple. The sketch is from a first person point of view who is present in the scene.,diffuser_utterance_raw_nathan_000_utt_0.png,38.65
2025-10-13T17:28:39.109069,diffuser,utterance,raw,000,Nathan,utt_0,Create a sketch image. Your sketch has a visitor services area in a large zoo. It also has a first aid station. Main focus is on the visitor services area and first aid station. Zoo is in the background. Do not color anything. Do not add any additional detail.Keep the sketch simple. The sketch is from a first person point of view who is present in the scene.,diffuser_utterance_raw_nathan_000_utt_0.png,51.11
2025-10-13T17:30:12.678186,diffuser,utterance,raw,000,Nathan,utt_0,Create a sketch image. Your sketch has a visitor services area in a large zoo. It also has a first aid station. Main focus is on the visitor services area and first aid station. Zoo is in the background. Do not color anything. Do not add any additional detail.Keep the sketch simple. The sketch is from a first person point of view who is present in the scene.,diffuser_utterance_raw_nathan_000_utt_0.png,50.95
2025-10-13T17:32:01.119319,diffuser,utterance,raw,000,Nathan,utt_0,Create a sketch image. Your sketch has a visitor services area in a large zoo. It also has a first aid station. Main focus is on the visitor services area and first aid station. Zoo is in the background. The sketch is from a first person point of view who is present in the visitor services area. Do not color anything. Do not add any additional detail.Keep the sketch simple.,diffuser_utterance_raw_nathan_000_utt_0.png,50.91
2025-10-13T17:35:06.112385,diffuser,utterance,raw,000,Nathan,utt_0,Create a dotted pencil image. Your image is from a first person point of view who is present in the visitor services area of a zoo. The view also has a first aid station. Main focus in the image is on the visitor services area and then first aid station. Zoo is in the background. Do not color anything. Do not add any additional detail.Keep the sketch simple.,diffuser_utterance_raw_nathan_000_utt_0.png,50.81
2025-10-13T17:36:56.955222,diffuser,utterance,raw,000,Nathan,utt_0,Create a dotted image where every object is made out of black dots. Your image is from a first person point of view who is present in the visitor services area of a zoo. The view also has a first aid station. Main focus in the image is on the visitor services area and then first aid station. Zoo is in the background. Do not color anything. Do not add any additional detail. Keep the image simple.,diffuser_utterance_raw_nathan_000_utt_0.png,50.85
2025-10-13T17:39:13.154111,diffuser,utterance,raw,000,Nathan,utt_0,Create a dotted image where every object is made out of black spaced dots. Your image is from a first person point of view who is present in the visitor services area of a zoo. The view also has a first aid station. Main focus in the image is on the visitor services area and then first aid station. Zoo is in the background. Do not color anything. Do not add any additional detail. Keep the image simple.,diffuser_utterance_raw_nathan_000_utt_0.png,50.79
2025-10-13T17:40:36.048239,diffuser,utterance,raw,000,Nathan,utt_0,Create a dashed image where every object is made out of black spaced dots. Your image is from a first person point of view who is present in the visitor services area of a zoo. The view also has a first aid station. Main focus in the image is on the visitor services area and then first aid station. Zoo is in the background. Do not color anything. Do not add any additional detail. Keep the image simple.,diffuser_utterance_raw_nathan_000_utt_0.png,50.76
2025-10-13T17:45:25.812116,diffuser,utterance,raw,000,Nathan,utt_0,Create a dashed outline image where every object's outline is made out of black spaced dashes. Your image is from a first person point of view who is present in the visitor services area of a zoo. The view also has a first aid station. Main focus in the image is on the visitor services area and then first aid station. Zoo is in the background. Do not color anything. Do not add any additional detail. Keep the image simple.,diffuser_utterance_raw_nathan_000_utt_0.png,50.86
2025-10-13T17:47:36.340574,diffuser,utterance,raw,000,Nathan,utt_0,Create a dashed outline image where every object's outline is made out of black spaced dashes. Your image is from a first person point of view who is present in the visitor services area of a zoo. The view also has a first aid station. Main focus in the image is on the visitor services area and then first aid station. Zoo is in the background. Do not color anything. Do not add any additional detail. Keep the image simple.,diffuser_utterance_raw_nathan_000_utt_0.png,110.16
2025-10-13T17:50:35.425227,diffuser,utterance,raw,000,Nathan,utt_0,Create a colorless image with dashed outline where every object's outline is made out of black spaced dashes. Your image is from a first person point of view who is present in the visitor services area of a zoo. The view also has a first aid station. Main focus in the image is on the visitor services area and then first aid station. Zoo is in the background. Do not color anything. Do not add any additional detail. Keep the image simple.,diffuser_utterance_raw_nathan_000_utt_0.png,100.18
2025-10-13T17:53:22.893032,diffuser,utterance,raw,000,Nathan,utt_0,Create a colorless image with dashed outline where every object's outline is made out of black spaced dashes. Your image is from a first person point of view who is present in the visitor services area of a zoo. The view also has a first aid station. Main focus in the image is on the visitor services area and then first aid station. Zoo is in the background. Do not color anything. Do not add any additional detail. Keep the image simple.,diffuser_utterance_raw_nathan_000_utt_0.png,123.84
2025-10-13T17:56:47.348422,diffuser,utterance,raw,000,Nathan,utt_0,Create a colorless image with dashed outline where every object's outline is made out of black spaced dashes. Your image is from a first person point of view who is present in the visitor services area of a zoo. The view also has a first aid station. Main focus in the image is on the visitor services area and then first aid station. Zoo should also be there in the background. Do not color anything. Do not add any additional detail. Keep the image simple.,diffuser_utterance_raw_nathan_000_utt_0.png,123.84
2025-10-13T18:00:35.965770,diffuser,utterance,raw,000,Nathan,utt_0,Create a colorless image with dashed outline where every object's outline is made out of black spaced dashes. Your image is from a first person point of view who is present in the visitor services area of a zoo. The view also has a first aid station. Main focus in the image is on the visitor services area and the first aid station next to it. Zoo should also be there in the background. Do not color anything. Do not add any additional detail. Keep the image simple.,diffuser_utterance_raw_nathan_000_utt_0.png,123.72
2025-10-13T18:03:59.017277,diffuser,utterance,raw,000,Nathan,utt_0,Create a colorless image with dashed outline where every object's outline is made out of black spaced dashes. Your image is from a first person point of view who is present in the visitor services area of a zoo. The view also has a first aid station. Main focus in the image is on the visitor services area and the first aid station next to it. Zoo should also be there in the background. Do not color anything. Do not add any additional detail. Keep the image simple.,diffuser_utterance_raw_nathan_000_utt_0.png,123.16
2025-10-15T13:32:14.644982,diffuser,utterance,raw,000,Nathan,utt_0,Create a colorless image with dashed outline where every object's outline is made out of black spaced dashes. Your image is from a first person point of view who is present in the visitor services area of a zoo. The view also has a first aid station. Main focus in the image is on the visitor services area and the first aid station next to it. Zoo should also be there in the background. Do not color anything. Do not add any additional detail. Keep the image simple.,diffuser_utt_raw_nathan_000_utt_0_S50.png,122.32
2025-10-15T13:38:45.189470,diffuser,utterance,raw,000,Nathan,utt_0,Create a colorless image with dashed outline where every object's outline is made out of black spaced dashes. Your image is from a first person point of view who is present in the visitor services area of a zoo. The view also has a first aid station. Main focus in the image is on the visitor services area and the first aid station next to it. Zoo should also be there in the background. Do not color anything. Do not add any additional detail. Keep the image simple.,diffuser_utt_raw_nathan_000_utt_0_S50.png,118.80
2025-10-15T13:44:22.775559,diffuser,utterance,raw,000,Nathan,utt_0,"Create a colorless image with dashed outline where every object's outline is made out of black spaced dashes. Your image is from a first person point of view who is present in the visitor services area of a zoo. The view also has a first aid station. Main focus in the image is on the visitor services area and the first aid station next to it. Zoo should also be there in the background. Do not color anything. Do not add any additional detail. Keep the image simple.",diffuser_utt_raw_nathan_000_utt_0_S50.png,118.68
2025-10-15T13:54:37.142118,diffuser,utterance,raw,000,Nathan,1_of_1,"Create a colorless image with dashed outline where every object's outline is made out of black spaced dashes. Your image is from a first person point of view who is present in the visitor services area of a zoo. The view also has a first aid station. Main focus in the image is on the visitor services area and the first aid station next to it. Zoo should also be there in the background. Do not color anything. Do not add any additional detail. Keep the image simple.",diffuser_utt_raw_nathan_000_11_10.png,24.70,10
2025-10-15T14:38:40.993930,diffuser,utterance,raw,000,Nathan,1_of_1,"Create a colorless image with dashed outline where every object's outline is made out of black spaced dashes. Your image is from a first person point of view who is present in the visitor services area of a zoo. The view also has a first aid station. Main focus in the image is on the visitor services area and the first aid station next to it. Zoo should also be there in the background. Do not color anything. Do not add any additional detail. Keep the image simple.",diffuser_utt_raw_nathan_000_1_of_1_10.png,28.32,10
2025-10-15T14:41:45.705476,diffuser,utterance,raw,000,Nathan,1_of_1,"Create a colorless image with dashed outline where every object's outline is made out of black spaced dashes. Your image is from a first person point of view who is present in the visitor services area of a zoo. The view also has a first aid station. Main focus in the image is on the visitor services area and the first aid station next to it. Zoo should also be there in the background. Do not color anything. Do not add any additional detail. Keep the image simple.",diffuser_utt_raw_nathan_000_1_of_1_50.png,118.80,50
2025-10-15T14:44:59.166744,diffuser,utterance,raw,000,Nathan,1_of_1,"Create a sketch image. Your sketch should highlight the things described in the description pictorially. Do not add any additional detail. Keep the sketch simple. Here is the first person point of view description - ' 'Style: sketch, simple background",diffuser_utt_raw_nathan_000_1_of_1_50.png,118.98,50
2025-10-15T14:50:20.782042,diffuser,utterance,raw,000,Nathan,1_of_1,"Create a black and white image where every object's is created using dash outlines. The image is from a first person point of view who is present in the visitor services area of a zoo. The view also has a first aid station. Main focus in the image is on the visitor services area and the first aid station next to it. Do not color anything. Do not add any additional detail. Keep the image simple.",diffuser_utt_raw_nathan_000_1_of_1_50.png,118.87,50
2025-10-15T14:58:40.841298,diffuser,utterance,raw,000,Nathan,1_of_1,"Create a black and white image where every object is created using dash outlines. The image is from a first person point of view who is present in the visitor services area of a zoo. The view also has a first aid station. Main focus in the image is on the visitor services area and the first aid station next to it. Do not color anything. Do not add any additional detail. Keep the image simple.",diffuser_utt_raw_nathan_000_1_of_1_20.png,41.00,20
2025-10-15T15:01:07.224320,diffuser,utterance,raw,000,Nathan,1_of_1,"Create an image where every object is created using only dashed outlines. Have big spaces between each dashes. The image is from a first person point of view who is present in the visitor services area of a zoo. The view also has a first aid station. Main focus in the image is on the visitor services area and the first aid station next to it. Hence make their outlines solid. Do not color anything unless specified for an object. Do not add any additional detail. Keep the image simple.",diffuser_utt_raw_nathan_000_1_of_1_20.png,40.56,20
2025-10-15T15:06:33.700774,diffuser,utterance,raw,000,Nathan,1_of_1,"A first person point-of-view image of a visitor services area of a zoo. THere is also a first-aid station. Every object is created using only dashed outlines. Have big spaces between each dashes. Main focus in the image is on the visitor services area and the first aid station next to it. So make only their outlines solid and nothing else. Do not color anything unless specified for an object. Do not add any additional detail. Keep the image simple.",diffuser_utt_raw_nathan_000_1_of_1_20.png,40.36,20
2025-10-15T15:09:28.513992,diffuser,utterance,raw,000,Nathan,1_of_1,"A first person point-of-view image of a visitor services area of a zoo. There is also a first-aid station. Every object is created using only dashed outlines. Have big spaces between each dashes. Main focus in the image is on the visitor services area and the first aid station next to it. So make only their outlines solid and nothing else. Do not color anything unless specified for an object. Do not add any additional detail. Keep the image simple.",diffuser_utt_raw_nathan_000_1_of_1_50.png,100.08,50
2025-10-15T15:18:29.637943,diffuser,utterance,raw,000,Nathan,1_of_2,A first person point-of-view image of a visitor services area of a zoo. There is also a first-aid station. Every object is created using only dotted outlines. Have big spaces between each dot. Main focus in the image is on the visitor services area and the first aid station next to it. So make only their outlines solid and nothing else. Do not color anything unless specified for an object. Do not add any additional detail. Keep the image simple.,diffuser_utt_raw_nathan_000_1_of_2_30.png,60.49,30
2025-10-15T15:19:30.307981,diffuser,utterance,raw,000,Nathan,2_of_2,Add a map board directly on a brick wall. Make it's outline solid.,diffuser_utt_raw_nathan_000_2_of_2_30.png,60.66,30
2025-10-15T15:24:17.602737,diffuser,utterance,raw,000,Nathan,1_of_2,A first person point-of-view image of a visitor services area of a zoo. There is also a first-aid station. Every object is created using only dotted outlines. Have big spaces between each dot. Main focus in the image is on the visitor services area and the first aid station next to it. So make only their outlines solid and nothing else. Do not color anything unless specified for an object. Do not add any additional detail. Keep the image simple.,diffuser_utt_raw_nathan_000_1_of_2_30.png,60.35,30
2025-10-15T15:25:19.562985,diffuser,utterance,raw,000,Nathan,2_of_2,Add a map board directly on a brick wall. Make it's outline solid.,diffuser_utt_raw_nathan_000_2_of_2_30.png,61.95,30
2025-10-15T15:26:41.684416,diffuser,utterance,raw,000,Nathan,1_of_3,A first person point-of-view image of a visitor services area of a zoo. There is also a first-aid station. Every object is created using only dotted outlines. Have big spaces between each dot. Main focus in the image is on the visitor services area and the first aid station next to it. So make only their outlines solid and nothing else. Do not color anything unless specified for an object. Do not add any additional detail. Keep the image simple.,diffuser_utt_raw_nathan_000_1_of_3_30.png,60.45,30
2025-10-15T15:27:42.171114,diffuser,utterance,raw,000,Nathan,2_of_3,Add a map board directly on a brick wall. Make it's outline solid.,diffuser_utt_raw_nathan_000_2_of_3_30.png,60.47,30
2025-10-15T15:28:43.162020,diffuser,utterance,raw,000,Nathan,3_of_3,Make sure that the map is to the left of the first aid station.,diffuser_utt_raw_nathan_000_3_of_3_30.png,60.99,30
2025-10-15T15:50:15.875041,diffuser,utterance,raw,000,Nathan,3_of_3,Make sure that the map is to the right of the first aid station.,diffuser_utt_raw_nathan_000_3_of_3_30.png,60.90,30
2025-10-15T15:52:00.797853,diffuser,utterance,raw,000,Nathan,3_of_3,Add a red carpet below the image,diffuser_utt_raw_nathan_000_3_of_3_30.png,60.84,30
2025-10-15T15:55:03.780516,diffuser,utterance,raw,000,Nathan,4_of_4,Move the map next to the carpet on the left of it.,diffuser_utt_raw_nathan_000_4_of_4_30.png,60.79,30
2025-10-15T15:57:10.581359,diffuser,utterance,raw,000,Nathan,4_of_4,Remove the map and move it next to the carpet on the left of it.,diffuser_utt_raw_nathan_000_4_of_4_30.png,60.79,30
2025-10-15T16:00:03.908101,diffuser,utterance,raw,000,Nathan,3_of_4,Add a red carpet below the image,diffuser_utt_raw_nathan_000_3_of_4_30.png,60.73,30
2025-10-15T16:01:04.634390,diffuser,utterance,raw,000,Nathan,4_of_4,Remove the map board.,diffuser_utt_raw_nathan_000_4_of_4_30.png,60.65,30
2025-10-15T16:03:59.455866,diffuser,utterance,raw,000,Nathan,4_of_4,Delete the map board.,diffuser_utt_raw_nathan_000_4_of_4_30.png,61.68,30
2025-10-15T16:10:02.771111,diffuser,utterance,raw,000,Nathan,4_of_4,Delete the map board from the wall.,diffuser_utt_raw_nathan_000_4_of_4_30.png,61.14,30
2025-10-15T16:12:28.389465,diffuser,utterance,raw,000,Nathan,4_of_4,Make the wall empty with no map board,diffuser_utt_raw_nathan_000_4_of_4_30.png,61.37,30
2025-10-15T16:18:50.338108,diffuser,utterance,raw,000,Nathan,4_of_4,Remove the map board from the wall,diffuser_utt_raw_nathan_000_4_of_4_30.png,76.17,30
2025-10-15T16:32:17.899491,diffuser,utterance,raw,000,Nathan,4_of_4,Remove the map board from the wall,diffuser_utt_raw_nathan_000_4_of_4_30.png,64.98,30
2025-10-15T16:34:23.026703,diffuser,utterance,raw,000,Nathan,4_of_4,Move the map to the right of the carpet.,diffuser_utt_raw_nathan_000_4_of_4_30.png,60.47,30
2025-10-15T16:37:23.251844,diffuser,utterance,raw,000,Nathan,4_of_4,Delete the map and move it to the right of the carpet next to it.,diffuser_utt_raw_nathan_000_4_of_4_30.png,60.62,30
2025-10-15T16:40:55.783721,diffuser,utterance,raw,000,Nathan,4_of_4,Move the map to the right of the carpet next to it. Delete the original map from it's original position. Change the carpet color to blue.,diffuser_utt_raw_nathan_000_4_of_4_30.png,60.17,30
2025-10-15T16:42:42.380749,diffuser,utterance,raw,000,Nathan,4_of_4,Move the map to the right of the carpet next to it. Delete the original map from it's original position. Change the carpet color to blue.,diffuser_utt_raw_nathan_000_4_of_4_20.png,40.27,20
2025-10-15T16:44:05.761609,diffuser,utterance,raw,000,Nathan,4_of_4,Move the map to the right of the carpet next to it. Delete the original map from it's original position. Change the carpet color to blue.,diffuser_utt_raw_nathan_000_4_of_4_25.png,50.26,25
2025-10-15T16:46:11.889860,diffuser,utterance,raw,000,Nathan,4_of_4,Move the map to the right of the carpet next to it. Delete the original map from it's original position. Change the carpet color to blue.,diffuser_utt_raw_nathan_000_4_of_4_50.png,99.87,50
2025-10-15T16:46:50.320674,diffuser,utterance,raw,000,Nathan,4_of_4,Move the map to the right of the carpet next to it. Delete the original map from it's original position. Change the carpet color to blue.,diffuser_utt_raw_nathan_000_4_of_4_10.png,20.37,10
2025-10-15T16:47:06.624342,diffuser,utterance,raw,000,Nathan,4_of_4,Move the map to the right of the carpet next to it. Delete the original map from it's original position. Change the carpet color to blue.,diffuser_utt_raw_nathan_000_4_of_4_1.png,2.47,1
2025-10-15T16:47:32.297930,diffuser,utterance,raw,000,Nathan,4_of_4,Move the map to the right of the carpet next to it. Delete the original map from it's original position. Change the carpet color to blue.,diffuser_utt_raw_nathan_000_4_of_4_3.png,6.53,3
2025-10-15T16:49:37.688328,diffuser,utterance,raw,000,Nathan,4_of_4,Move the map to the right of the carpet next to it. Delete the original map from it's original position. Change the carpet color to blue.,diffuser_utt_raw_nathan_000_4_of_4_25.png,50.26,25
2025-10-15T16:51:33.360131,diffuser,utterance,raw,000,Nathan,4_of_4,Move the map to the right of the carpet next to it on a board. Delete the original map from it's original position. Change the carpet color to blue.,diffuser_utt_raw_nathan_000_4_of_4_25.png,50.24,25
2025-10-15T16:53:12.038540,diffuser,utterance,raw,000,Nathan,4_of_4,Move the map to the right of the carpet next to it on a board. Delete the original map from it's original position. Change the carpet color to blue.,diffuser_utt_raw_nathan_000_4_of_4_30.png,60.15,30
2025-10-15T16:55:41.017797,diffuser,utterance,raw,000,Nathan,4_of_4,Move the map to the right of the carpet next to it on a board. Delete the original map from it's original position. Change the carpet color to blue.,diffuser_utt_raw_nathan_000_4_of_4_40.png,80.09,40
2025-10-15T16:57:24.663316,diffuser,utterance,raw,000,Nathan,4_of_4,Move the map to the right of the carpet right next to it on a board. Delete the original map from it's original position. Change the carpet color to blue.,diffuser_utt_raw_nathan_000_4_of_4_40.png,80.07,40
2025-10-15T16:59:58.935928,diffuser,utterance,raw,000,Nathan,4_of_4,Move the map to the right of the carpet right next to it on a board. Delete the map from it's original position. Change the carpet color to blue.,diffuser_utt_raw_nathan_000_4_of_4_40.png,79.95,40
2025-10-15T17:01:05.775097,diffuser,utterance,raw,000,Nathan,4_of_4,Move the map to the right of the carpet right next to it on a board.,diffuser_utt_raw_nathan_000_4_of_4_30.png,60.17,30
2025-10-15T17:02:45.928507,diffuser,utterance,raw,000,Nathan,4_of_5,Move the map to the right of the carpet right next to it on a board.,diffuser_utt_raw_nathan_000_4_of_5_30.png,60.17,30
2025-10-15T17:03:46.101416,diffuser,utterance,raw,000,Nathan,5_of_5,Delete the map from it's original position. Change the carpet color to blue.,diffuser_utt_raw_nathan_000_5_of_5_30.png,60.16,30
2025-10-15T17:06:10.655823,diffuser,utterance,raw,000,Nathan,5_of_5,Delete the map which is not next to the carpet. Change the carpet color to blue.,diffuser_utt_raw_nathan_000_5_of_5_30.png,59.99,30
2025-10-15T17:09:25.672135,diffuser,utterance,raw,000,Nathan,4_of_5,Move the map to the right of the carpet right next to it on a board. Delete the original map which is not next to the carpet.,diffuser_utt_raw_nathan_000_4_of_5_30.png,60.23,30
2025-10-15T17:10:25.844454,diffuser,utterance,raw,000,Nathan,5_of_5,Change the carpet color to blue.,diffuser_utt_raw_nathan_000_5_of_5_30.png,60.17,30
2025-10-15T17:12:18.023431,diffuser,utterance,raw,000,Nathan,4_of_5,Remove the map and place it to the right of the carpet right next to it on a board,diffuser_utt_raw_nathan_000_4_of_5_30.png,60.19,30
2025-10-15T17:13:18.165633,diffuser,utterance,raw,000,Nathan,5_of_5,Change the carpet color to blue.,diffuser_utt_raw_nathan_000_5_of_5_30.png,60.12,30
2025-10-15T17:15:07.094256,diffuser,utterance,raw,000,Nathan,5_of_5,Change the carpet color to blue.,diffuser_utt_raw_nathan_000_5_of_5_30.png,60.01,30
2025-10-15T17:19:44.877822,diffuser,utterance,raw,000,Nathan,6_of_6,Add an emergency exit with a panic button near an exit sign,diffuser_utt_raw_nathan_000_6_of_6_30.png,59.91,30
2025-10-15T17:21:48.480702,diffuser,utterance,raw,000,Nathan,6_of_6,Add an emergency exit with a panic button near an exit sign. Only add their solid outlines and no color.,diffuser_utt_raw_nathan_000_6_of_6_30.png,60.08,30
2025-10-15T17:23:46.686123,diffuser,utterance,raw,000,Nathan,6_of_6,Add an emergency exit with a button near an exit sign. Only add their solid outlines and no color.,diffuser_utt_raw_nathan_000_6_of_6_30.png,60.14,30
2025-10-15T17:31:54.052690,diffuser,utterance,raw,000,Nathan,1_of_6,A first person point-of-view image of a house with a road infront. Every object is created using only dotted outlines. Have big spaces between each dot. Main focus in the image is the house. Hence make its outlines solid. The house should be symbolic. Do not color anything unless specified for an object. Do not add any additional detail. Keep the image simple.,diffuser_utt_raw_nathan_000_1_of_6_30.png,60.38,30
2025-10-15T17:34:26.669215,diffuser,utterance,raw,000,Nathan,1_of_6,A first person point-of-view image of a house with a road infront. Everything in the image is created using only dotted outlines. Have big spaces between each dot. Main focus in the image is the house. Hence make the house's outlines solid. The house should be symbolic. Do not color anything unless specified for an object. Do not add any additional detail. Keep the image simple.,diffuser_utt_raw_nathan_000_1_of_6_30.png,60.33,30
2025-10-15T17:38:49.388007,diffuser,utterance,raw,000,Nathan,1_of_6,A first person point-of-view image of a house with a road infront. Everything mentioned is created using only dotted outlines. Have big spaces between each dot. Main focus in the image is the house. Hence make the house's outlines solid. The house should be symbolic. Do not color anything. Do not add any additional detail. Keep the image simple.,diffuser_utt_raw_nathan_000_1_of_6_50.png,101.10,50
2025-10-15T17:43:43.238414,diffuser,utterance,raw,000,Nathan,1_of_6,A first person point-of-view image of a house with a road infront. Everything mentioned is created using only dotted outlines. Have big spaces between each dot. Main focus in the image is the house. Hence make the house's outlines solid. The house should be symbolic. Do not color anything. Do not add any additional detail. Keep the image simple.,diffuser_utt_raw_nathan_000_1_of_6_50.png,100.14,50
2025-10-15T17:45:49.931168,diffuser,utterance,raw,000,Nathan,1_of_6,A first person point-of-view image of a house with a road infront. Everything mentioned is created using only dotted outlines. Have big spaces between each dot. Main focus in the image is the house. Hence make the house's outlines solid. The house should be symbolic. Do not color anything. Do not add any additional detail. Keep the image simple.,diffuser_utt_raw_nathan_000_1_of_6_30.png,60.61,30
2025-10-15T17:48:19.540705,diffuser,utterance,raw,000,Nathan,1_of_6,A first person point-of-view image of a house with a road infront. Everything mentioned is created using only dotted outlines. Have big spaces between each dot. Main focus in the image is the house. Hence make the house's outlines solid. The house should be symbolic. Do not color anything. Keep everything transperant unless asked. Do not add any additional detail than what has been asked. Keep the image simple.,diffuser_utt_raw_nathan_000_1_of_6_30.png,60.56,30
2025-10-15T17:50:42.267788,diffuser,utterance,raw,000,Nathan,1_of_6,A first person point-of-view image of a house with a road infront. Everything is created using only dotted outlines. Have big spaces between each dot. Main focus in the image is the house. Make the house's outlines solid. Do not color anything in the image. Keep everything white unless asked. Do not add any additional detail than what has been asked. Keep the image simple.,diffuser_utt_raw_nathan_000_1_of_6_30.png,60.33,30
2025-10-15T17:52:30.530077,diffuser,utterance,raw,000,Nathan,1_of_6,A first person point-of-view image of a house with a road infront. Everything is created using only dotted outlines. Have very big spaces between each dot. Main focus in the image is the house. Make the house's outlines solid. Do not color anything in the image. Keep everything white unless asked. Do not add any additional detail than what has been asked. Keep the image simple.,diffuser_utt_raw_nathan_000_1_of_6_30.png,60.27,30
2025-10-20T15:56:14.177999,diffuser,utterance,raw,000,Nathan,1_of_6,A first person point-of-view image of a house with a road infront. Everything is created using only dotted outlines. Have very big spaces between each dot. Main focus in the image is the house. Make the house's outlines solid. Do not color anything in the image. Keep everything white unless asked. Do not add any additional detail than what has been asked. Keep the image simple.,diffuser_utt_raw_nathan_000_1_of_6_30.png,118.42,30
2025-10-20T15:59:15.971418,diffuser,utterance,raw,000,Nathan,1_of_6,A first person point-of-view image of a visitor services area of a zoo. There is also a first-aid station. Every object is created using only dotted outlines. Have big spaces between each dot. Main focus in the image is on the visitor services area and the first aid station next to it. So make only their outlines solid and nothing else. Do not color anything unless specified for an object. Do not add any additional detail. Keep the image simple.,diffuser_utt_raw_nathan_000_1_of_6_30.png,60.95,30
2025-10-20T16:00:16.237007,diffuser,utterance,raw,000,Nathan,2_of_6,Add a map board directly on a brick wall. Make it's outline solid.,diffuser_utt_raw_nathan_000_2_of_6_30.png,60.26,30
2025-10-20T16:01:16.614482,diffuser,utterance,raw,000,Nathan,3_of_6,Add a red carpet below the image,diffuser_utt_raw_nathan_000_3_of_6_30.png,60.37,30
2025-10-20T16:02:17.159787,diffuser,utterance,raw,000,Nathan,4_of_6,Remove the map and place it to the right of the carpet right next to it on a board,diffuser_utt_raw_nathan_000_4_of_6_30.png,60.54,30
2025-10-20T16:03:17.664382,diffuser,utterance,raw,000,Nathan,5_of_6,Change the carpet color to blue.,diffuser_utt_raw_nathan_000_5_of_6_30.png,60.50,30
2025-10-20T16:04:18.538000,diffuser,utterance,raw,000,Nathan,6_of_6,Add an emergency exit with a button near an exit sign. Only add their solid outlines and no color.,diffuser_utt_raw_nathan_000_6_of_6_30.png,60.87,30
2025-10-20T16:06:00.356940,diffuser,utterance,raw,000,Nathan,1_of_6,A first person point-of-view image of a visitor services area of a zoo. There is also a first-aid station. Every object is created using only dotted outlines. Have big spaces between each dot. Main focus in the image is on the visitor services area and the first aid station next to it. So make only their outlines solid and nothing else. Do not color anything unless specified for an object. Do not add any additional detail. Keep the image simple.,diffuser_utt_raw_nathan_000_1_of_6_30.png,60.64,30
2025-10-20T16:07:00.709739,diffuser,utterance,raw,000,Nathan,2_of_6,Add a map board directly on a brick wall. Make it's outline solid.,diffuser_utt_raw_nathan_000_2_of_6_30.png,60.35,30
2025-10-20T16:08:01.112768,diffuser,utterance,raw,000,Nathan,3_of_6,Add a red carpet below the image,diffuser_utt_raw_nathan_000_3_of_6_30.png,60.40,30
2025-10-20T16:09:01.841111,diffuser,utterance,raw,000,Nathan,4_of_6,Remove the map and place it to the right of the carpet right next to it on a board,diffuser_utt_raw_nathan_000_4_of_6_30.png,60.70,30
2025-10-20T16:10:02.529775,diffuser,utterance,raw,000,Nathan,5_of_6,Change the carpet color to blue.,diffuser_utt_raw_nathan_000_5_of_6_30.png,60.68,30
2025-10-20T16:11:03.398556,diffuser,utterance,raw,000,Nathan,6_of_6,Add an emergency exit with a button near an exit sign. Only add their solid outlines and no color.,diffuser_utt_raw_nathan_000_6_of_6_30.png,60.86,30
2025-10-20T16:13:27.266475,diffuser,utterance,raw,000,Nathan,1_of_6,A first person point-of-view image of a visitor services area of a zoo. There is also a first-aid station. Every object is created using only dotted outlines. Have big spaces between each dot. Main focus in the image is on the visitor services area and the first aid station next to it. So make only their outlines solid and nothing else. Do not color anything unless specified for an object. Do not add any additional detail. Keep the image simple.,diffuser_utt_raw_nathan_000_1_of_6_30.png,60.68,30
2025-10-20T16:15:47.207130,diffuser,utterance,raw,000,Nathan,1_of_6,Create a colorless image with dashed outline where every object's outline is made out of black spaced dashes. Your image is from a first person point of view who is present in the visitor services area of a zoo. The view also has a first aid station. Main focus in the image is on the visitor services area and then first aid station. Zoo is in the background. Do not color anything. Do not add any additional detail. Keep the image simple,diffuser_utt_raw_nathan_000_1_of_6_30.png,60.79,30
2025-10-20T16:25:42.045034,diffuser,utterance,raw,000,Nathan,1_of_6,A first person point-of-view image of a visitor services area of a zoo. There is also a first-aid station. Every object is created using only dotted outlines. Have big spaces between each dot. Main focus in the image is on the visitor services area and the first aid station next to it. So make only their outlines solid and nothing else. Do not color anything unless specified for an object. Do not add any additional detail. Keep the image simple.,diffuser_utt_raw_nathan_000_1_of_6_30.png,60.52,30
2025-10-20T16:33:19.870386,diffuser,utterance,raw,000,Nathan,1_of_6,A first person point-of-view image of a visitor services area of a zoo. There is also a first-aid station. Every object is created using only dotted outlines. Have big spaces between each dot. Main focus in the image is on the visitor services area and the first aid station next to it. So make only their outlines solid and nothing else. Do not color anything unless specified for an object. Do not add any additional detail. Keep the image simple.,diffuser_utt_raw_nathan_000_1_of_6_30.png,76.63,30
2025-10-20T16:38:46.106390,diffuser,utterance,raw,000,Nathan,1_of_6,A first person point-of-view image of a visitor services area of a zoo. There is also a first-aid station. Every object is created using only dotted outlines. Have big spaces between each dot. Main focus in the image is on the visitor services area and the first aid station next to it. So make only their outlines solid and nothing else. Do not color anything unless specified for an object. Do not add any additional detail. Keep the image simple.,diffuser_utt_raw_nathan_000_1_of_6_30.png,65.28,30
2025-10-20T16:40:35.468740,diffuser,utterance,raw,000,Nathan,1_of_6,A first person point-of-view image of a visitor services area of a zoo. There is also a first-aid station. Every object is created using only dotted outlines. Have big spaces between each dot. Main focus in the image is on the visitor services area and the first aid station next to it. So make only their outlines solid and nothing else. Do not color anything unless specified for an object. Do not add any additional detail. Keep the image simple.,diffuser_utt_raw_nathan_000_1_of_6_30.png,60.57,30
2025-10-20T16:42:12.229810,diffuser,utterance,raw,000,Nathan,1_of_6,A first person point-of-view image of a visitor services area of a zoo. There is also a first-aid station. Every object is created using only dotted outlines. Have big spaces between each dot. Main focus in the image is on the visitor services area and the first aid station next to it. So make only their outlines solid and nothing else. Do not color anything unless specified for an object. Do not add any additional detail. Keep the image simple.,diffuser_utt_raw_nathan_000_1_of_6_30.png,60.50,30
2025-10-20T16:43:41.440516,diffuser,utterance,raw,000,Nathan,1_of_6,A first person point-of-view image of a visitor services area of a zoo. There is also a first-aid station. Every object is created using only dotted outlines. Have big spaces between each dot. Main focus in the image is on the visitor services area and the first aid station next to it. So make only their outlines solid and nothing else. Do not color anything unless specified for an object. Do not add any additional detail. Keep the image simple.,diffuser_utt_raw_nathan_000_1_of_6_30.png,60.51,30
2025-10-20T16:46:11.019904,diffuser,utterance,raw,000,Nathan,1_of_6,A first person point-of-view image of a visitor services area of a zoo. There is also a first-aid station. Every object is created using only dotted outlines. Have big spaces between each dot. Main focus in the image is on the visitor services area and the first aid station next to it. So make only their outlines solid and nothing else. Do not color anything unless specified for an object. Do not add any additional detail. Keep the image simple.,blurry,diffuser_utt_raw_nathan_000_1_of_6_30.png,60.36,30
2025-10-20T16:47:11.085660,diffuser,utterance,raw,000,Nathan,2_of_6,Add a map board directly on a brick wall. Make it's outline solid.,blurry,diffuser_utt_raw_nathan_000_2_of_6_30.png,60.06,30
2025-10-20T16:48:45.423720,diffuser,utterance,raw,000,Nathan,1_of_6,A first person point-of-view image of a visitor services area of a zoo. There is also a first-aid station. Every object is created using only dotted outlines. Have big spaces between each dot. Main focus in the image is on the visitor services area and the first aid station next to it. So make only their outlines solid and nothing else. Do not color anything unless specified for an object. Do not add any additional detail. Keep the image simple.,"text, blurry, low quality",diffuser_utt_raw_nathan_000_1_of_6_30.png,60.43,30
2025-10-20T16:49:45.528622,diffuser,utterance,raw,000,Nathan,2_of_6,Add a map board directly on a brick wall. Make it's outline solid.,"text, blurry, low quality",diffuser_utt_raw_nathan_000_2_of_6_30.png,60.10,30
2025-10-20T16:52:17.876394,diffuser,utterance,raw,000,Nathan,1_of_6,A first person point-of-view image of a visitor services area of a zoo. There is also a first-aid station. Every object is created using only dotted outlines. Have big spaces between each dot. Main focus in the image is on the visitor services area and the first aid station next to it. So make only their outlines solid and nothing else. Do not color anything unless specified for an object. Do not add any additional detail. Keep the image simple.,"text, blurry, low quality",diffuser_utt_raw_nathan_000_1_of_6_30.png,60.35,30
2025-10-20T16:53:17.915019,diffuser,utterance,raw,000,Nathan,2_of_6,Add a map board directly on a brick wall. Make it's outline solid.,"text, blurry, low quality",diffuser_utt_raw_nathan_000_2_of_6_30.png,60.03,30
2025-10-20T16:54:18.061630,diffuser,utterance,raw,000,Nathan,3_of_6,Add a red carpet below the image,"text, blurry, low quality",diffuser_utt_raw_nathan_000_3_of_6_30.png,60.13,30
2025-10-20T16:55:18.456513,diffuser,utterance,raw,000,Nathan,4_of_6,Remove the map and place it to the right of the carpet right next to it on a board,"text, blurry, low quality",diffuser_utt_raw_nathan_000_4_of_6_30.png,60.39,30
2025-10-20T16:56:18.916494,diffuser,utterance,raw,000,Nathan,5_of_6,Change the carpet color to blue.,"text, blurry, low quality",diffuser_utt_raw_nathan_000_5_of_6_30.png,60.45,30
2025-10-20T16:57:19.508299,diffuser,utterance,raw,000,Nathan,6_of_6,Add an emergency exit with a button near an exit sign. Only add their solid outlines and no color.,"text, blurry, low quality",diffuser_utt_raw_nathan_000_6_of_6_30.png,60.59,30
2025-10-20T16:59:24.446456,diffuser,utterance,raw,000,Nathan,1_of_6,A first person point-of-view image of a visitor services area of a zoo. There is also a first-aid station. Every object is created using only dotted outlines. Have big spaces between each dot. Main focus in the image is on the visitor services area and the first aid station next to it. So make only their outlines solid and nothing else. Do not color anything unless specified for an object. Do not add any additional detail. Keep the image simple.,"text, blurry, low quality, color",diffuser_utt_raw_nathan_000_1_of_6_30.png,60.50,30
2025-10-20T17:00:24.628446,diffuser,utterance,raw,000,Nathan,2_of_6,Add a map board directly on a brick wall. Make it's outline solid.,"text, blurry, low quality, color",diffuser_utt_raw_nathan_000_2_of_6_30.png,60.18,30
2025-10-20T17:01:24.879902,diffuser,utterance,raw,000,Nathan,3_of_6,Add a red carpet below the image,"text, blurry, low quality, color",diffuser_utt_raw_nathan_000_3_of_6_30.png,60.25,30
2025-10-20T17:02:25.499314,diffuser,utterance,raw,000,Nathan,4_of_6,Move the map and place it to the right of the carpet right next to it on a board,"text, blurry, low quality, color",diffuser_utt_raw_nathan_000_4_of_6_30.png,60.61,30
2025-10-20T17:03:26.047400,diffuser,utterance,raw,000,Nathan,5_of_6,Change the carpet color to blue.,"text, blurry, low quality, color",diffuser_utt_raw_nathan_000_5_of_6_30.png,60.54,30
2025-10-20T17:04:26.710552,diffuser,utterance,raw,000,Nathan,6_of_6,Add an emergency exit with a button near an exit sign. Only add their solid outlines and no color.,"text, blurry, low quality, color",diffuser_utt_raw_nathan_000_6_of_6_30.png,60.66,30
2025-10-20T17:06:27.119705,diffuser,utterance,raw,000,Nathan,1_of_6,A first person point-of-view image of a visitor services area of a zoo. There is also a first-aid station. Every object is created using only dotted outlines. Have big spaces between each dot. Main focus in the image is on the visitor services area and the first aid station next to it. So make only their outlines solid and nothing else. Do not color anything unless specified for an object. Do not add any additional detail. Keep the image simple.,"text, color",diffuser_utt_raw_nathan_000_1_of_6_30.png,60.63,30
2025-10-20T17:08:30.321772,diffuser,utterance,raw,000,Nathan,1_of_6,A first person point-of-view image of a visitor services area of a zoo. There is also a first-aid station. Every object is created using only dotted outlines. Have big spaces between each dot. Main focus in the image is on the visitor services area and the first aid station next to it. So make only their outlines solid and nothing else. Do not color anything unless specified for an object. Do not add any additional detail. Keep the image simple.,text,diffuser_utt_raw_nathan_000_1_of_6_30.png,60.64,30
2025-10-20T17:09:30.562398,diffuser,utterance,raw,000,Nathan,2_of_6,Add a map board directly on a brick wall. Make it's outline solid.,text,diffuser_utt_raw_nathan_000_2_of_6_30.png,60.24,30
2025-10-20T17:10:30.920333,diffuser,utterance,raw,000,Nathan,3_of_6,Add a red carpet below the image,text,diffuser_utt_raw_nathan_000_3_of_6_30.png,60.35,30
2025-10-20T17:11:31.434271,diffuser,utterance,raw,000,Nathan,4_of_6,Move the map from its current position to the right of the carpet right next to it on a board,text,diffuser_utt_raw_nathan_000_4_of_6_30.png,60.51,30
2025-10-20T17:13:35.467232,diffuser,utterance,raw,000,Nathan,1_of_6,A first person point-of-view image of a visitor services area of a zoo. There is also a first-aid station. Every object is created using only dotted outlines. Have big spaces between each dot. Main focus in the image is on the visitor services area and the first aid station next to it. So make only their outlines solid and nothing else. Do not color anything unless specified for an object. Do not add any additional detail. Keep the image simple., ,diffuser_utt_raw_nathan_000_1_of_6_30.png,60.98,30
2025-10-20T17:14:36.061686,diffuser,utterance,raw,000,Nathan,2_of_6,Add a map board directly on a brick wall. Make it's outline solid., ,diffuser_utt_raw_nathan_000_2_of_6_30.png,60.59,30
2025-10-20T17:17:50.517395,diffuser,utterance,raw,000,Nathan,1_of_6,A first person point-of-view image of a visitor services area of a zoo. There is also a first-aid station. Every object is created using only dotted outlines. Have big spaces between each dot. Main focus in the image is on the visitor services area and the first aid station next to it. So make only their outlines solid and nothing else. Do not color anything unless specified for an object. Do not add any additional detail. Keep the image simple.,"text, low quality",diffuser_utt_raw_nathan_000_1_of_6_30.png,60.59,30
2025-10-20T17:18:50.765954,diffuser,utterance,raw,000,Nathan,2_of_6,Add a map board directly on a brick wall. Make it's outline solid.,"text, low quality",diffuser_utt_raw_nathan_000_2_of_6_30.png,60.24,30
2025-10-20T17:19:51.094625,diffuser,utterance,raw,000,Nathan,3_of_6,Add a red carpet below the image,"text, low quality",diffuser_utt_raw_nathan_000_3_of_6_30.png,60.32,30
2025-10-20T17:20:51.526855,diffuser,utterance,raw,000,Nathan,4_of_6,Move the map from its current position to the right of the carpet right next to it on a board,"text, low quality",diffuser_utt_raw_nathan_000_4_of_6_30.png,60.43,30
2025-10-20T17:21:52.063237,diffuser,utterance,raw,000,Nathan,5_of_6,Change the carpet color to blue.,"text, low quality",diffuser_utt_raw_nathan_000_5_of_6_30.png,60.53,30
2025-10-20T17:22:52.737557,diffuser,utterance,raw,000,Nathan,6_of_6,Add an emergency exit with a button near an exit sign. Only add their solid outlines and no color.,"text, low quality",diffuser_utt_raw_nathan_000_6_of_6_30.png,60.67,30
