chunk_id,position,character,text
001,E3,Annette,"Hi Michael, I'm in the fabrication hall of this massive shipyard. Let me describe what I see."
001,B2,Michael,"Hi Annette. Uh-huh, go on."
001,E3,Annette,There's a plate bender here with a distinct pinch mechanism. It looks like it's currently processing flat stock.
001,B2,Michael,Okay. What are you planning to do next?
001,E3,Annette,I'm heading toward the hull section transfer track now. I'll keep you updated if I spot anything else.
001,B2,Michael,Got it. I don't see any other equipment here to mention.
002,F3,Annette,I just arrived at the testing bay from the hull section transfer track.
002,B2,Michael,mm-hm
002,F3,Annette,"There's an acoustic chamber here, lined with soundproofing material."
002,B2,Michael,I see.
002,F3,Annette,"Also, an engine test stand sits near the center of the bay."
002,B2,Michael,Noted. What else?
002,F3,Annette,And a data server rack submerged in dielectric fluid.
002,B2,Michael,mm-hm. Got it.
002,B2,Michael,I'm moving toward the electrical substation link now.
003,C2,Michael,I just arrived at the testing bay from the electrical substation link.
003,F3,Annette,Got it.
003,C2,Michael,There's a simulation console here with a VR headset enabling a virtual walkthrough.
003,F3,Annette,Noted.
003,C2,Michael,"Also, a fluid dynamics tank that's current-generating, creating a water current."
003,F3,Annette,Understood.
003,C2,Michael,I'm staying here for now.
003,F3,Annette,I'm heading toward the main gate entrance now.
004,F4,Annette,I just arrived at the fabrication hall from the main gate entrance.
004,C2,Michael,Uh-huh. What do you see?
004,F4,Annette,"There's an overhead gantry here, spanning the width of the hall."
004,C2,Michael,Got it.
004,F4,Annette,"A pneumatic assembly jig is here, used for positioning panel joints."
004,C2,Michael,Noted.
004,F4,Annette,And a MIG welding station is located at the welding booth.
004,C2,Michael,Understood. I'm moving toward the north gate entry road now.
005,D2,Michael,I just arrived at the testing bay from the north gate entry road.
005,F4,Annette,Got it.
005,D2,Michael,There's a simulation console here with a touch-screen for user input.
005,F4,Annette,Uh-huh.
005,D2,Michael,This reminds me of the simulation console I saw earlier with a VR headset enabling a virtual walkthrough.
005,F4,Annette,Noted.
005,D2,Michael,"Also, a fluid dynamics tank that's impeller-driven, agitating the liquid medium."
005,F4,Annette,I see.
005,D2,Michael,"This is similar to the fluid dynamics tank I saw before that was current-generating, creating a water current."
005,F4,Annette,Understood.
005,D2,Michael,I'm staying here for now.
005,F4,Annette,I'm heading toward the pump station service path now.
006,E4,Annette,I just arrived at the dry dock area from the pump station service path.
006,D2,Michael,Uh-huh.
006,E4,Annette,There's a dock gate here at the entrance.
006,D2,Michael,Got it.
006,E4,Annette,A submersible pump station is nearby.
006,D2,Michael,Noted.
006,E4,Annette,The mooring bollard has a double post embedded in the concrete pier.
006,D2,Michael,Understood.
006,E4,Annette,And a crane is positioned near the control booth.
006,D2,Michael,I see. I'm moving toward the storage unit access now.
007,D1,Michael,I just arrived at the testing bay from the storage unit access.
007,E4,Annette,Uh-huh.
007,D1,Michael,There's an acoustic chamber here with fiberglass lining inside the testing room.
007,E4,Annette,Got it.
007,D1,Michael,"The engine test stand is gas turbine-powered, testing propulsion units."
007,E4,Annette,Noted.
007,D1,Michael,"Also, a composite pressure vessel is nearby."
007,E4,Annette,Understood.
007,D1,Michael,"And the simulation console is multi-monitor, displaying system data."
007,E4,Annette,I see.
007,D1,Michael,"Annette, did you see an acoustic chamber with foam soundproofing material earlier?"
007,E4,Annette,"Yes, in the testing bay after the hull section transfer track."
007,D1,Michael,Good. I'm staying here to confirm details.
007,E4,Annette,I'm moving toward the ship fitting alley now.
008,D4,Annette,I just arrived at the fabrication hall from the ship fitting alley.
008,D4,Annette,"There's a four-roll plate bender here, designed for bending thick sheet metal."
008,D4,Annette,This one is different from the pinch-style bender I saw earlier at the beginning of our journey.
008,D1,Michael,Uh-huh. I see the distinction now.
008,D1,Michael,I'm moving toward the administrative building link at the end of this chunk.
009,C1,Michael,I just arrived at the dry dock area from the administrative building link.
009,C1,Michael,There's a dock gate here with a caisson supporting the dock walkway.
009,D4,Annette,Uh-huh. Is that the same dock gate you mentioned earlier?
009,C1,Michael,"Yes, this one is at the entrance like before, but it's currently open."
009,D4,Annette,Got it. I see a submersible pump station near the dock gate.
009,C1,Michael,I have a diaphragm pump station connected to the drainage system here.
009,D4,Annette,Noted. Does your pump station have a crane nearby?
009,C1,Michael,"No, mine's near the scaffolding tower which has a hoist for materials."
009,D4,Annette,I see. I'm heading toward the bollard maintenance access now.
010,C4,Annette,I just arrived at the fabrication hall from the bollard maintenance access.
010,C1,Michael,Uh-huh. What do you see here?
010,C4,Annette,There's a cutting table with laser guides for precision cuts.
010,C1,Michael,Got it.
010,C4,Annette,A paint booth is operating with overspray containment walls.
010,C1,Michael,Noted.
010,C4,Annette,The plate bender has a pyramid-shaped tool head shaping a conical section.
010,C1,Michael,I see.
010,C4,Annette,There's a material cart with polyurethane wheels moving past the delicate parts section.
010,C1,Michael,"Uh-huh. Wait, the plate bender here reminds me of the four-roll one I saw earlier in the ship fitting alley."
010,C4,Annette,"Right, that one was for thick sheets. This one's pyramid tool must handle conical shapes specifically."
010,C1,Michael,Exactly. I'm moving toward the dry dock access road now.
011,B1,Michael,I just arrived at the fabrication hall from the dry dock access road.
011,B1,Michael,"There's a cutting table here with plasma guides, sitting on the concrete floor."
011,C4,Annette,Uh-huh. Got it.
011,B1,Michael,A paint booth with crossdraft ventilation is enclosing a spray gun.
011,C4,Annette,Noted. That's different from the pressurized paint booth I saw earlier.
011,B1,Michael,"This tool cabinet has eleven drawers, all labeled with tool categories."
011,C4,Annette,Hmm. I see.
011,B1,Michael,And a heavy-duty work bench with a vise and clamps is near the cutting table.
011,C4,Annette,Right. That matches the setup in the ship fitting alley.
011,B1,Michael,"Annette, did you see a cutting table with laser guides earlier?"
011,C4,Annette,"Yes, in the fabrication hall after the bollard maintenance access."
011,B1,Michael,Good. The plasma table here is different from your laser one.
011,C4,Annette,Understood. My cutting table was for precision sheet metal work.
011,B1,Michael,I'm staying here to compare details.
011,C4,Annette,I'm heading toward the waterfront promenade now.
012,B4,Annette,I just arrived at the testing bay from the waterfront promenade.
012,B1,Michael,Uh-huh.
012,B4,Annette,There's a sonar testing unit here with a high-frequency output.
012,B1,Michael,Okay.
012,B4,Annette,It's mounted on a rotating base for directional testing.
012,B1,Michael,Got it.
012,B4,Annette,And there's a calibration station with a level indicator.
012,B1,Michael,I'm moving toward the waste management path now.
013,B3,Annette,I just arrived at the dry dock area from the tool crib access way.
013,A1,Michael,Uh-huh. What do you see here?
013,B3,Annette,There's a utility pedestal here providing a hose connection.
013,A1,Michael,Got it. Does it have a specific label?
013,B3,Annette,"No, just a standard industrial coupling. The hose connection is for coolant transfer."
013,A1,Michael,Noted. I see a sonar testing unit here in the testing bay.
013,B3,Annette,"Safety barrier is up ahead, separating this area from the open dock."
013,A1,Michael,I'm also seeing a multi-axis vibration table in my zone.
013,B3,Annette,The winch is mounted on a raised platform with a reinforced base.
013,A1,Michael,"Wait, does your sonar unit have a rotating base like mine?"
013,B3,Annette,Mine's fixed-position but has a high-frequency output for underwater analysis.
013,A1,Michael,"Ah, mine's low-frequency and emits acoustic pulses for long-range testing."
013,B3,Annette,I need to move toward the maintenance alley now. The winch platform has a warning light blinking.
013,A1,Michael,Understood. I'll stay here to confirm the sonar unit's specifications.
014,A3,Annette,I just arrived at the testing bay from the fabrication hall overhead crane path.
014,A1,Michael,mm-hm
014,A3,Annette,There's an engine test stand here. It's hybrid-powered and analyzing power output.
014,A1,Michael,Got it. What else?
014,A3,Annette,"A propeller dynamometer is nearby, mounted on a reinforced base."
014,A1,Michael,Noted. Does your engine test stand have a hybrid designation?
014,A3,Annette,"Yes, it's analyzing power output specifically. It's different from the gas turbine one you mentioned earlier."
014,A1,Michael,"Right, mine was testing propulsion units. This hybrid model must handle dual-fuel testing."
014,A3,Annette,Exactly. I also see a fluid dynamics tank circulating water flow through a closed-loop system.
014,A1,Michael,"Wait, your tank is pump-driven, right? Mine was impeller-driven agitating a liquid medium."
014,A3,Annette,Ours has a pump-driven circulation system. The water flow is more controlled for precision testing.
014,A1,Michael,Mine was for turbulence analysis. I'm moving toward the dry dock platform ramp now.
015,A2,Michael,I just arrived at the fabrication hall from the dry dock platform ramp.
015,A2,Michael,There's an overhead gantry here with a wire rope spanning the width of the hall.
015,A2,Michael,"Annette, did you see an overhead gantry earlier?"
015,A3,Annette,"Yes, in the testing bay after the hull section transfer track."
015,A2,Michael,This one has a wire rope spanning the hall width. Was yours manual and over the storage bay?
015,A3,Annette,"Yes, it was manual and over the storage bay. There was also a welding station nearby."
015,A2,Michael,Got it. There's also a ventilation fan within the air duct here.
015,A3,Annette,Noted. Does it have a specific label?
015,A2,Michael,"No, just a standard industrial fan in the duct. I'm moving toward the electrical substation link now."
016,A3,Michael,I just arrived at the testing bay from the equipment repair trail.
016,A3,Annette,Uh-huh. What do you see here?
016,A3,Michael,There's a hybrid engine test stand analyzing power output. It's mounted on a reinforced base.
016,A3,Annette,Noted. Does it have a digital readout for real-time metrics?
016,A3,Michael,"Yes, it's displaying torque and RPM data right now. It's different from the gas turbine model I saw earlier."
016,A3,Annette,"Right, the hybrid one handles dual-fuel testing. What else?"
016,A3,Michael,"A propeller dynamometer is nearby, mounted on a vibration-dampened platform. It's recording acoustic signatures."
016,A3,Annette,I see. Is it measuring blade efficiency under load?
016,A3,Michael,"Exactly. The noise patterns are being logged for performance analysis. Also, there's a pump-driven fluid dynamics tank circulating water flow in a closed-loop system."
016,A3,Annette,"Wait, your tank is pump-driven? The one I saw earlier was impeller-driven agitating a liquid medium."
016,A3,Michael,"Ours has a more controlled circulation system for precision testing. The water flow is laminar, not turbulent."
016,A3,Annette,I see. My tank was for turbulence analysis. But we both have similar testing goals.
016,A3,Michael,"We sure do. Annette, since we're both describing the hybrid engine test stand, propeller dynamometer, and pump-driven tank—"
016,A3,Annette,"—That means we're in the same testing bay, right?"
016,A3,Michael,Exactly. We must have converged here without realizing it.
016,A3,Annette,Looks like it. Let's meet at the engine test stand then.
016,A3,Michael,Agreed. I'll wait by the hybrid unit.
